Distance_Driven_km,Average_Speed_kmh,Vehicle_Weight_kg,Temperature_C,Traffic_Density,Fuel_Consumed_Liters
193.52465823520762,46.66196359547577,1523.411367471812,25.18108982626694,medium,22.274642000164572
475.8500101408589,78.77108526405223,1493.9575981439996,28.90044191574117,low,53.93592990969886
368.6770314875885,108.56512522887675,2812.509161042073,12.51403696377497,low,46.179710797348946
303.3426572565479,95.9002397768605,1499.0923996990123,23.74622298820997,high,38.74048692772068
86.44913381679389,102.59050330753047,1543.899452257262,22.15237949431246,high,13.583217379072414
86.4373149647393,89.29050300396456,2518.7965248359274,29.984911303648133,low,18.740463996120646
38.460969962417735,92.30489080660672,1899.47968490108,32.18261181443782,low,11.405478387161526
434.4263114297182,106.42760864087873,2553.4211139103627,5.364703144321604,medium,52.58753751098397
304.54635575417234,52.470120797326736,1130.7323151287706,25.22059757176378,high,34.019195383120454
356.95556312006227,74.04824672788264,1975.1423873467686,6.55507397359187,medium,39.582376498924944
20.086402204943198,49.9088497637642,1067.2272003665653,21.465759952320678,medium,5.931416763378877
485.2558275593772,118.89012071969823,1125.306406910709,13.628981871310346,medium,56.106276117192884
417.8968939922066,114.9653405717952,2812.874906688822,14.203297985664236,low,47.7220077781269
114.04616423235531,33.54841302316553,1278.4907422351903,15.588755103570698,medium,16.102986177994957
99.09423393147931,93.50176552641196,2064.8413645504343,23.638773471488303,medium,18.878790036527008
99.86820982818257,113.27234856740992,1822.1912052014131,15.021498970063076,low,16.163515358448546
159.0786990501735,46.25178106146002,1694.6866525176854,26.98097151770841,high,18.139784625240935
267.13065149979656,81.11507074973665,2799.666691374545,17.13582156721609,high,33.133920840764596
221.65305913463672,112.39394678292376,1043.646793550979,7.050596009298759,medium,28.946946200226428
152.70227869704053,33.055138072721896,2327.579372351178,28.512795274523217,low,19.00735007860589
309.8079184139659,92.76782405221559,2926.788868427101,13.57274973778118,high,38.55986374427072
78.3519917195005,56.761410663529574,2120.336366923684,17.98300638797788,medium,13.416391531281825
153.15087778225688,113.19565758388774,2873.6449240661836,25.563316496657045,medium,21.367610869001574
189.51730321390895,117.39524206488309,1104.5157585720476,14.97368471446136,low,23.569153775745182
233.47429226634762,114.98398402020905,1837.586638148323,6.6975696844014685,medium,25.556635280791262
394.73622108257666,72.67927949917174,1520.3155819241024,16.217631410384406,high,46.675168436151154
107.84015325759627,107.58383858903821,2461.6419299614595,33.333457480829104,low,18.988637801216186
261.9748748226697,106.00944586815633,2962.5941809944934,24.252031918956746,high,36.798776538789156
300.2831387424008,58.71904259189301,1513.0601248884955,25.14437446001621,high,32.45329388170061
32.760702232798884,104.60239267356096,2308.349202948149,23.968464609129196,high,11.103038385063702
307.6969774317048,33.33068712439434,1396.1952655194802,10.969764168783104,medium,34.37177801883071
93.55682060677285,83.66428906338477,2130.6605091432198,17.550015923068404,medium,14.721492192560396
41.87528056278696,50.70079535589328,1927.8649733766724,27.52819395089955,high,5.818859140025443
474.9539132541333,40.85101971995509,2944.010659263074,8.041186926594774,high,56.054107512210415
483.1596962065341,36.925788146628825,2217.054545392933,13.335583282691367,low,55.311236088744806
406.11470057706595,92.66598982903258,1699.0127441736377,13.289573253975608,low,46.31281348242089
159.26074689495164,60.58874673912595,1228.1915697758668,17.960567827835177,medium,21.383764564844896
57.859335863128095,95.22900943758853,1302.493657469869,34.41106222826555,medium,11.224406985230974
345.2741829909569,35.88207067190481,1450.6338599024702,7.025076400514658,low,35.85159925054905
225.67472193240465,58.37613040475493,1501.9333226805961,20.56102983141785,high,30.848345344387013
69.79873507394163,78.55421631378036,2701.2321156822754,10.380940460366315,medium,10.401888080557516
252.6366859545224,101.16508483550672,2122.44557656505,34.12029636229232,high,32.214563983473326
26.850375346457014,58.68772526388629,2046.7818227487328,8.399105141823926,low,7.918844326491455
455.5669970186032,86.33022387933082,1229.537743738435,17.10803007084774,medium,54.576302097648345
136.8021909840083,109.73799734125684,2720.27938669887,27.136549545038186,medium,23.95194115608496
334.63591933345117,85.42768693640741,2445.628606416967,26.13663284082336,low,37.097471665856055
162.73842728381138,50.966352727827044,1135.3367238000033,17.681859106817967,medium,20.128815197572308
264.8333303771273,32.196070340088426,2415.670194459537,15.395725038581547,low,30.704884396291227
277.888036878207,108.3088986510837,2087.076434685292,16.92837135658612,medium,35.003932098027164
100.57868320750825,31.91424697653484,1163.4506914935564,12.928287894759178,low,14.18593245507932
485.0964676046337,108.72315054157795,1916.601283057313,11.159988161203994,medium,53.15579159669966
389.8150834469461,77.60434206244908,1969.392574260094,19.4911909267667,high,44.20875810627149
470.35448136645266,114.51609286616066,1331.5490803265516,13.05601268202822,high,55.18099948352629
448.4654017095479,101.89049121962988,2891.396294000565,13.623849946917503,high,54.327850895727316
302.9709896174317,119.81406994800037,2699.950742961324,24.702681904236712,medium,39.533618968165285
461.71837516132723,61.564063390653914,2338.0446746582165,34.05611995099677,medium,51.35186215923301
53.36132600544055,99.04694600380142,1924.5911220012144,23.109116016781254,high,12.20427963565021
106.03160258538115,66.1737822248318,1823.5310831690172,7.309384011948988,high,17.28928853782269
32.16137156616365,73.18880582735179,2301.946934301908,7.267508415622009,low,9.318001034693003
169.41186207399952,86.47549168965331,2090.863738813811,33.54269662536698,low,21.607556406069044
200.45187194784617,108.63094027677049,1124.5462117637712,13.918723709220009,low,24.27347248958931
142.961025569209,118.56751222793656,2025.0052975406634,7.762009582474263,high,19.347828718810913
416.0813794844454,99.14460724780663,2612.807234465679,22.971337614511448,high,52.31905055842437
184.80913007985873,67.59901039506005,1918.4797551939162,23.709463348707985,high,25.63136158764476
147.65790974681659,67.92213020493631,1103.9131551085368,24.455144603560644,low,19.297386319711524
275.92108074754174,96.38240714300024,2572.556398768066,13.02206083572624,medium,34.20642046870135
79.0528702376337,51.48994311914721,1402.7275642719487,5.453320526434251,high,10.789184933322307
403.07652056947944,39.94267018182552,1517.2416697760775,33.95046108363415,medium,46.34800606181606
46.5298154030877,61.91599418766989,1329.4127068645917,12.526791370733076,medium,13.01232888661367
493.57459893425346,55.85150924886736,1660.4301297429952,25.280788641576425,medium,52.8524875241724
388.39993695536214,56.66773084103911,2513.50301137727,26.19889609636129,low,46.72570325124047
107.37068395174448,51.0246975944919,2038.7717190078747,23.300222512384572,medium,15.616103049748542
12.705837390565176,33.788387067272566,1409.762548301425,14.387221826409446,high,4.088779999164733
409.5760999428687,31.60865412600724,2755.6601563040817,13.132887612921973,low,48.43346029868039
356.3600984853324,118.89501507624284,2759.1637099030586,22.930048481081094,high,44.5488933555737
367.21351234008375,68.49958203622761,2741.156850092014,30.982869008350747,high,43.79004475450454
387.92246987611344,64.58939824437135,1477.5924227630785,33.402011867701866,low,44.32987730709291
46.281879349704276,91.16825544237628,1902.4786883619763,8.177174132112729,high,7.919652403453441
185.64820698669357,49.642849907855776,2969.97931228175,9.644858377931595,high,24.69021338755534
66.77583916731356,115.49650655552028,2544.0249526199805,33.34208776349239,low,14.20447102588181
432.9206786790408,100.77105129739968,1054.3348424511196,27.096056850043777,high,46.81360956343438
315.41608214550337,38.04699020810335,1130.4091825209841,31.48981474489319,medium,33.85499089402789
172.1400321777981,67.58226982064355,1927.8627536246654,11.078979024060295,high,21.58099151340337
41.143591640151584,109.12064768059483,2818.4404117231206,22.627576133282055,medium,14.674872799361502
162.38133764067447,115.02588200622692,2077.403595905428,26.03418783252421,high,22.199594106405403
169.33982779310605,72.06613601248827,1995.6250160685804,25.40335656340918,low,21.207253283539185
367.5070273856514,85.2070250289637,1210.947399913261,17.244550726000945,low,42.86522341828262
322.40316096405445,45.03305514828677,2313.560209448588,5.461846750739254,high,34.20855998806727
444.7342438624,119.20517635232788,2644.206321200451,22.487781704127894,low,51.984753825633454
241.38531332935514,50.850453124509905,1760.8400150151247,12.593046175388263,high,25.238870995263568
68.60118050976783,114.84585967216131,2551.223701850655,18.50762738428671,low,17.178733930289162
359.48994573926757,88.46819840931316,2928.953307801623,33.72743045251452,medium,43.035905865838814
382.78467382227973,84.69631153909732,1407.5329182553783,16.97105952927304,high,44.05869078272646
285.02582680905317,76.14196599148578,2046.6592623894826,30.1940481999328,medium,36.49030136445061
387.77391817773486,50.76028305459828,1574.275916169151,10.656218172477534,medium,41.55170630108956
251.95984221855147,45.887522880495744,2585.7088380676787,25.173814940750866,high,29.703833336059116
266.1390863971771,49.843758816315784,2155.186731762315,34.3102086331683,medium,29.491729400016016
219.49509899568932,46.77944359298291,2269.1648351006074,8.056793026188103,high,24.521207402588942
22.455372104606642,100.16260262100779,2595.828319231788,5.24959826681576,medium,8.060825855399242
62.86679922671918,61.51127332500571,1791.9409453249098,18.007483778978433,high,10.349278590369568
25.400300986499783,35.20584089070567,2830.1801368140864,7.778764491541016,high,6.438698856568628
321.8411015192524,117.21923671267302,2066.05773449228,27.45153049028694,low,40.962909328750804
164.03443072740006,109.54072964670831,1315.9096456706961,32.436459915456766,high,21.73831990381689
259.19963867070436,113.49770548756916,2391.798236337605,18.020629181262763,high,34.80611902143408
454.7075722237856,119.54170403817918,2586.5227008765087,12.76134926466323,medium,55.13198120085711
132.15319228294874,45.65057242975386,1633.5233541350533,18.03209957019829,high,16.37604783395507
211.08763228745858,65.66178170123928,2714.3585139975057,26.70343453550003,low,25.763796028323565
380.22005788609385,98.24146281336822,2812.286509531533,5.271624847411129,medium,45.96923975124342
122.111101090895,92.6418556248413,1553.8089747556178,22.683619684540915,medium,18.218013135911704
47.720155816108566,43.850631570586955,2967.042945430444,23.398750546621372,low,10.606281269583954
151.97821192774634,103.42498124915559,1281.4230560975168,24.130647406878065,medium,25.031532657918646
88.99843075446216,50.19965146529946,1404.03133680498,12.260662399426316,medium,13.073737706365865
465.5518496478608,50.143585334036075,1368.4496784760522,26.421581701343804,medium,49.416568604417115
405.9789859865643,78.32769806040722,2787.9794200157407,7.741744589953292,medium,45.597901143707944
320.36784069010747,83.3645941357533,2308.585104649924,10.978110094004023,low,36.918976718745206
437.01568919198166,82.20775870540301,1304.2085664445458,31.324101399634458,low,46.50387382068697
403.7993176805661,38.23381536579794,1880.6468367366979,27.161694521796992,medium,46.30937353499233
101.41932885415756,108.97147763673424,2230.596050139604,5.412366620340357,medium,13.408668844883945
447.3539092600891,53.90400383298355,1166.9281699787666,12.451287811094005,low,49.69824180118641
274.27769853866886,41.65634291545238,2764.8327368146774,11.432194489794938,low,30.653613868001674
405.64567603039063,109.98732718820794,2607.2070708830706,13.124189841109178,low,47.77757250249539
449.08473696251167,116.0086348406778,2010.4135471532763,12.426793108396591,medium,51.04761163343352
165.8217027362133,107.59148555389055,2934.253230518341,6.875788872285372,medium,27.85648498984111
63.92544301856161,102.85644672523902,1835.5219585501995,18.76821549790461,high,13.59120195501891
121.68822964555143,88.97177825751196,2968.220638072996,26.982004243584953,low,21.43620960802529
219.2828164268656,79.57716335482255,2335.839997607254,23.201951741523093,medium,31.076053042642187
410.8272353020216,37.828808392026914,2269.3425465078826,25.186150057942392,low,45.82217894493563
431.7579857956083,66.76078917636289,1331.90979059157,7.434475356087175,medium,45.52884504082099
13.406543960283445,63.54196653110826,2763.855516609288,33.54472130530362,low,7.175769952014538
260.2661782630072,53.37784053842935,1854.9793758412302,30.154755015290746,medium,29.367540752083926
214.5313915429017,95.10781023197265,1324.4668115649588,29.15270955486988,high,26.817515249227863
118.83282713065782,74.62881615708937,1025.215039951518,29.689514151253025,high,16.74758611708572
68.73402999350458,37.294159431688314,2119.511367276765,32.98131524398284,low,10.919124206466936
175.4314339877777,49.816488175483016,2054.7992442453524,21.327618983410932,medium,23.126261563671953
472.0257549171344,91.49328872936363,2438.707244738317,11.008460536028776,medium,55.440640365841205
168.36943669017006,36.851777354127016,2780.516106035604,23.503508235576234,low,21.42679337258181
264.2074046542494,106.60862226438918,1158.813169286059,27.28644481003817,medium,33.989787032246674
354.4792898586372,74.56318743125769,2462.992980680725,27.13752180062076,low,40.811736846242646
188.17850516585406,73.25279195939832,1374.8238881951645,20.643470725006402,medium,26.691308361193556
486.17322053327075,83.31670061935658,2716.354106314328,7.053761580007341,low,54.43902622997401
481.5991745216345,104.22128693326343,2638.1270277233125,16.133388152903834,medium,58.564815677323836
133.37332495442843,61.30282871119738,2081.587509971089,32.62299825390072,low,15.858157239969369
253.65176788726887,91.02145373031573,2420.485597246623,22.53346729272278,medium,31.80125523059483
157.43037181021714,80.9158767596212,1628.7002263674967,21.149958297671404,high,20.967074481119774
149.57184224495913,54.03254431524792,1942.3357978656293,13.065605431465805,medium,20.289786881935544
28.07460420372107,109.07669877196422,2643.2737954209433,16.053467597497367,low,12.788737436803885
308.68652365014947,101.76834194462353,1918.5303943464278,31.86038267459508,high,35.695413277219444
256.3127213821421,89.26066511925829,1715.5965306508836,24.99389142580507,medium,29.84387475500025
35.224588112494786,106.55235561848177,1988.4248945005997,28.621610802569986,high,8.320901459267393
146.5367674759396,108.05647808638221,2656.4985048744365,18.630362692029653,medium,25.53967117810464
455.05028412366033,93.75266790435313,1670.4160947417454,23.907416583684736,high,52.697361953756534
127.38532642681649,105.33119955273048,1347.5231862714877,12.451508262296226,low,17.30838847229838
80.99848732469931,92.77243155023552,2424.0280406615616,26.163824908504587,medium,14.537946851816173
249.83185253600587,91.21266945842703,2651.9564254161637,17.82804001110012,medium,34.73757834337209
492.9687225141943,85.67502403936659,1201.2749570470667,18.27636544444237,low,54.40842360425678
128.6070830406352,97.74449756018771,1479.7482255118894,24.47966973730645,high,18.798101829375515
339.3464182288805,44.274459476376634,1283.9439795219878,33.0884186440678,low,36.20059954902343
383.1936115110716,109.27836832790356,1695.8828231643333,6.920190398258628,low,43.49837966701173
126.44239655627584,108.46591749707088,1900.7019578108252,29.742297120410228,high,22.632308080382373
366.8260108198112,32.63225547311032,2497.652673926613,13.771493312365793,low,44.29738464017103
190.21373503243407,104.32350755082864,2302.295169763348,18.317583635191333,medium,24.752631081325404
319.82985699085395,41.59828807261007,2241.8571349568624,5.6573998632502684,medium,39.1712158947415
320.4295582728384,60.16069688332277,1704.749893219309,14.031382335029392,medium,35.92127555543937
272.52959519663165,96.9157430662447,2682.8951061695197,20.078937278903915,low,36.049727142671735
54.241987326660066,44.468390644347735,1942.5743347963291,6.685282320423171,medium,12.47747303251277
419.2982228387266,103.6170321707156,2958.209876030309,19.732871881494955,medium,49.97605929584644
167.18223183615055,104.89207601619677,2268.284276591474,32.81331886575282,medium,23.903360609139177
101.39407009592857,75.67209603847526,1252.5294831290055,8.161796543234157,medium,16.85932118765434
29.97981936183432,30.57472845451502,2352.355124150868,27.93322184226513,medium,4.938500027410206
299.5375421622385,55.83343198574215,1650.208030863398,17.29013160127978,medium,36.86265791806801
342.00653730271836,85.5234226538168,2372.654393372195,24.65521143573014,low,41.38165015557734
18.128036174649516,118.30675602246811,1139.2822963248116,12.807097939556881,medium,7.839993678000384
260.9255985666477,86.86321743150015,1349.7628743519188,9.78476787624075,medium,30.674996074722394
120.98292984698959,53.38232229577439,2711.4745178115727,9.813878428136793,high,14.810097377923888
326.13466730063044,87.06051327896502,1454.3591140470298,7.114758369294339,low,37.41965475850329
95.43955021244581,78.59868417442699,2674.08225048588,10.56940114703729,low,15.725589967933383
348.55949167020833,100.18608556360293,1558.552176908821,24.92658154966905,low,39.550484374183526
199.50031968726333,39.62825749442626,2285.763820117415,31.45071835530524,low,24.44078589486011
468.99769448099994,98.49251122518253,2388.301147019662,29.423770567734856,medium,55.45276803110712
77.38526263153669,78.71399208084992,2025.309506290106,25.55402929623452,medium,13.528131394449778
177.12251201462666,116.66928034730952,1610.6213533934624,8.31295590233308,high,26.56491778428347
65.60202540788865,60.76849494348175,1425.2887527421922,13.675623388878495,high,9.546392308635257
463.09987295649574,86.93597038205533,1066.3787091248523,14.29420625967407,low,53.87287211491382
439.8962831566807,113.88252949590157,1607.8928024814477,12.498708391928638,high,51.6602640884136
136.39139758042626,39.225875519161136,2306.325581062566,20.450169791291692,high,21.201775152485652
333.39218255674774,114.3505638512806,2876.6096368969656,21.066614446390176,low,46.97245685407714
410.43887809859575,91.9097150070732,2742.408964526104,15.706579255133306,low,47.59836113268412
282.04839768373654,36.10533531946547,2532.129553070605,15.61367476209308,high,31.840245081235555
269.52878339444317,57.086721025213464,2576.8946865065973,29.85666793718244,medium,32.19019151268598
128.50762254122134,93.73548797807534,2329.9698069519904,28.678785449590567,high,21.34569881482483
55.620356224890614,36.06155413218946,1520.5737151320059,14.233874950422368,high,11.679965734684947
449.6357213971301,82.39534141586459,2814.3900614116596,32.41365331619778,medium,50.91624883674027
451.2048480100319,61.129475125766106,2341.4646238116684,33.584450510075186,medium,51.61675621916007
320.2197140639013,85.88239659907293,2120.88126196088,14.802276260901225,low,38.31314068120213
176.12459761386333,34.116783043126155,1221.978938426962,15.632748463791646,low,21.932823541688695
181.11269156020384,108.43831255371387,1894.111087612851,20.169024602658766,high,28.647901504160895
365.71828264641726,117.61400722596572,1920.7165424038526,33.233624376010205,medium,44.224924937237944
449.5840273767628,117.19900697571224,2729.12721904534,31.289582994269345,low,50.52064080210246
444.6723478899075,97.46866485686323,2093.296440375577,8.077038877507693,high,53.00253821474515
392.1390174702357,41.70776161175688,1760.8010979408193,16.781922298142486,medium,41.56249971132276
324.595506615601,98.24368763361203,2953.6006570213185,21.601135692493155,high,40.255115583259396
51.228582847573925,32.212822481292136,1221.4411866526314,20.0939741765462,low,9.72994201098332
89.19806990636074,31.991119637609753,1845.0968566238894,10.81589203810678,low,13.067408456583735
450.2915523782688,59.12491972345872,1084.0493503428106,30.76450313504464,medium,49.173655554586986
307.15023923319904,73.97788713641992,2479.8082415338604,25.30822348990512,high,35.99504533165717
14.506555292148526,99.33666760270138,2836.1531043983014,30.137251245554108,medium,3.755226965653767
59.72105600435573,91.49658389458547,1560.0746591009788,30.762928380484166,low,13.811280369583072
335.11586686294737,70.13124357390734,2716.683353598242,27.450675609972194,low,39.50343557623654
12.480176084647157,54.62639996534993,1584.4364609237955,18.17631803749152,high,8.772209804742374
88.79594519457434,119.74120501419401,2821.5403232878307,23.316402650462738,high,18.717415179883332
278.8795567896272,68.35631720123757,2507.923807193568,9.810962183592295,high,32.829554222984406
349.0286468694197,70.6248321896708,2609.8135536828772,25.20936252424723,medium,43.42975365210293
329.46101715627424,44.726143907250226,1036.013111200909,10.377597672178423,high,38.62445681082902
119.89196163567429,101.53285938749364,2925.620714148052,25.818487715304705,high,19.811581095538255
358.96781846029256,92.43140032033398,2453.3419841406467,11.88794482261906,low,45.477863025559245
126.25205287343204,49.86926515098844,1609.5021907722667,8.5265390045066,low,15.702820014937865
169.44585209804117,37.41429410542584,2658.789329717694,9.958534704288724,high,21.892970130651797
375.78078850783186,91.24493718672417,1563.0423968298599,5.059764056572108,high,44.89678252295253
328.3201205331352,88.90600928530216,2745.507679132256,26.56218853560591,low,41.858005250095324
426.1194711421472,54.59335742983884,1225.1607808238741,26.97203147175137,high,48.07953977847983
332.23031722716826,115.57772060253693,2407.371954921591,20.448000497397786,medium,40.94845535161291
288.4712156343811,43.59521026028102,2081.396953289821,9.84088403166151,medium,35.394083151441485
55.90063623576531,68.91013209383416,1193.0689403908816,7.506630125320692,medium,10.054850823699491
190.18074349912243,114.9254328150839,1483.787656517678,5.5738689931186105,high,25.165817612564915
139.94916016404548,67.775458523351,1024.8080725546297,9.97244530895662,low,17.399545533589638
129.55492525575096,87.4673352897677,1937.5359309290116,31.725666049494404,high,23.463628664440108
486.7751718286983,65.78349581665148,1602.5305215200008,12.246105251050453,high,52.207716691549024
202.6178850867126,54.67936821138031,2196.7149685955173,15.62813981651647,low,27.93202373952185
447.1028120367855,118.55798831638454,1594.4756154172344,8.160364534439996,low,50.043326488639075
319.2579267386588,66.84006056835386,1599.8382230139694,11.670839142445109,low,37.96015320687037
399.45753873540775,110.4689283311221,2486.386397463207,20.576737123406154,medium,48.75552096177582
256.2921756215442,50.695914530197754,1096.285671956707,23.232580492869577,high,32.735078525002166
292.68290346691595,49.179423362257495,2805.7899903839743,12.360569424986332,low,33.347853409101276
251.33366997124332,32.80206745960602,2704.5277487823632,6.731964776753516,high,27.683989330733763
105.6690640210418,88.65001428382965,2335.609366452813,16.73098607382196,medium,17.269305586792733
364.0015364781376,63.1673709351385,2186.4431402147684,12.026101127790024,medium,45.19483000454426
147.57845759601935,107.79224248556733,2784.6049962793045,11.58661769689406,low,21.27961209724101
21.914823551412383,72.58889160224015,1370.6603590574289,33.795884081403656,low,2.352712870716312
326.28142499451224,117.13740851232495,1157.9383243816571,23.489014577771723,high,39.99737706997341
96.78423290945398,46.6972964132809,1479.020339819076,21.706353295162877,low,15.608417820302165
470.82470633292803,108.17608511600497,2589.1565574003807,17.47325310569966,high,53.22755211227071
477.4250027312678,99.89371675125676,1069.3405334529666,17.86833000290433,low,55.68107429087816
458.2835512080198,99.38296601796468,2165.6136701669793,21.227150115142425,high,51.103566622993704
191.37776312516775,106.03049053051988,2990.87503238262,25.892894211083217,high,27.39598774215286
17.57374209914504,98.4921591848699,2711.3921876750787,26.064382885454883,high,11.159382816259741
464.87609566798545,86.35982894682738,2042.891378087179,10.150817231163487,high,50.57506976106185
219.81023267548403,41.81203899141488,1127.2818185732847,20.00338256229881,medium,25.76196752433053
483.6608613313981,32.927356154212674,2662.7470287714195,17.35874285102306,high,55.27873542071657
482.1737887737339,112.87630630341182,2197.9570163544213,31.115808988081525,low,57.31817749720192
427.97463317900645,85.49852830686643,1229.8659941191336,23.942567636551292,medium,47.10042928854708
154.279957114097,101.68835618785587,1187.7145696467123,20.975121992479455,medium,24.947316015807587
198.69788701494338,73.3370116361295,2819.253638873185,8.461839265367521,high,27.757296338672653
427.05696904325987,40.557737006615504,2338.400525876157,23.169136679702344,medium,43.58277964748133
165.29178252657604,41.26672129822954,2658.573598633511,8.516117170407004,high,23.064736317375115
93.05144587618531,91.70087585060742,2757.9578005645344,15.116197266972563,low,15.656559648548608
282.8326186045916,68.72753054095165,2143.5447040966446,9.285258944429955,high,34.34916277633262
468.7158393387827,48.0472254030303,2034.8927035100826,25.762209410731067,medium,53.5824680102337
351.05460037073675,74.24350920672933,1860.8548206419805,11.187563415084579,low,39.69115678287331
289.3299733437888,35.778804336762065,1633.8931755822387,16.75578119564078,high,29.232203310672006
57.61648194767658,82.37742617229588,1869.1919217174236,31.87024332856336,low,15.079504242197167
311.35354108259315,54.209406399158794,2547.759311460313,11.12949150196911,low,38.83404559710115
495.126386551089,101.78031905734693,2203.846862030263,20.234151918763374,medium,56.833330962828256
78.64116746589677,57.932576303121635,2785.046579909692,17.57814983498066,low,15.428416542989487
263.981529658231,70.9698134173621,1886.7600287583755,5.543721231371892,medium,31.15006741363593
439.9128052446982,31.045848591729058,2214.1791574375084,28.782743407184384,low,48.23951989908732
372.97662269956015,36.5202199015103,2262.6151061839773,7.0713771894379915,high,41.16842625783641
351.5377130876813,65.32442007660163,2183.394324612651,19.227650629308606,low,40.137774972789344
354.21720115368356,73.1944951245411,2405.2675461710323,21.8203488481685,high,42.42352106641964
186.15066409768002,84.00184933073734,1474.8669367496125,23.852793698437612,high,22.112196102747685
153.86000368960174,56.24963208383729,2024.7275550915813,25.658948879236267,low,19.976637355504824
406.5869661844717,92.54836975138883,1208.4496056166954,12.598171505681453,high,47.24950537165694
406.9555633927986,107.41101574702842,1769.0226552896252,5.299363299753481,low,51.56432483084171
434.8654361042508,100.18658900040148,1975.3341372425289,26.70330987064736,low,48.40317186576877
457.4878707526709,33.565694281352144,2304.448519090945,21.069697980427357,high,50.98332340369478
260.5577754418595,73.24562525320461,2901.062105172407,30.083531096217463,high,34.18025377583649
255.74298439672782,39.44371605763574,2201.3021330967117,29.641650887020827,medium,26.290765423156017
401.16463769371984,51.784051427627475,2487.1878323531196,30.299785033636496,high,46.316916052261355
328.48232608110493,118.79963339404318,2012.5321189904055,19.552839799386206,medium,42.75684495276449
353.96376985627467,42.82459886113619,2268.208062752663,15.00885187510597,high,41.13320886895287
399.93840802368953,74.89993381062204,1141.8644322675468,28.7467460777411,low,45.00031487619967
446.1026174906075,85.63401608863072,1508.7831616836938,18.538823390877646,high,51.25261402212962
175.61762685725253,93.22184734896936,1723.7061864102775,10.503265892103036,low,24.391283293003088
194.03564679357257,80.36838151382227,1944.9867100130273,30.64922058684423,low,22.29454799429945
56.05115052202581,30.879376267726528,1091.2974910047674,31.476796303170417,low,8.941789969134312
293.35726908812524,59.38151774195927,1280.0481951066354,18.989292684205104,medium,33.04060310589583
27.611714160403622,76.59404790462403,1553.6286155826115,7.270991819293624,high,6.807568003051147
238.14302888490548,37.907984923035,2943.065381802101,16.634782697507937,low,33.78905525059279
275.8958710067125,61.55642380882627,1662.6940142061017,29.1061297838781,low,35.12639504239657
150.40521354285937,32.98827979122299,1964.082116224165,32.05322085638686,medium,16.674205548006345
299.50829767881527,37.07206474395187,1392.1954254767859,11.104182274927876,high,34.00094264643687
24.94512247013422,65.72309485814364,2221.5601421515366,7.009208360758146,high,10.988369766808372
28.300612487115064,41.94441786387543,1561.3664310319487,31.32051359398516,medium,3.8094554007250747
413.0742747232325,81.07867634354022,1413.9851568768536,16.682148169366258,medium,47.09613421088509
186.4934142915188,92.05184722235391,2033.145256891958,21.252828928026897,high,25.745752787880793
72.25965119942354,102.05280291981745,1011.0115983208416,34.04197436152277,medium,11.13105084287125
265.89919742685413,48.01352198203291,1015.3280652984506,6.996941837426686,high,30.834993934684235
387.2968410183193,45.073432403316275,1438.1376182037156,24.449540223562867,high,44.89848152347334
115.75230347345315,39.411105630096024,1073.4427250016422,7.2231626772460125,low,17.707555163462526
315.21633315131015,87.2787224589273,1216.0515082613829,16.26406785399501,low,36.76553342162682
51.82025784694632,93.5828153838211,1677.7212986775032,29.114436355803402,high,16.833322286391454
35.32404337261777,32.84275303430778,2605.171359159626,18.004166982669034,high,3.8438215111699723
270.3637694683925,114.25910216193208,2144.0972867386017,34.915470617088516,high,35.95501746747426
274.9112095889522,34.677415528632515,2025.335451912833,21.771778548398064,high,28.643456332863952
322.3406517341212,78.71667017709635,1586.9776464162433,14.634864579078604,high,38.08359024946777
365.78475352410413,93.81544675058248,2863.507438865633,11.603339777142594,high,43.20497502636654
488.16751893664195,108.3872211371477,1794.0300824743833,15.515616028584855,medium,57.19905410606294
262.9871706675857,94.2678238919185,1174.185533591543,16.175998212786524,high,32.09429234886951
168.24867174121053,102.15552747628126,2234.1330322356025,7.061410331718829,medium,22.585422327434873
399.6412354366648,60.55051732885255,1227.6767869532027,16.087225982803197,medium,42.85961656176239
142.70780311841636,103.3342602371861,1690.4462856033842,18.927155592176746,high,25.1821301601252
225.0959961457617,37.210336174620764,2014.8238774356178,26.68213256716414,high,27.5388091033393
48.44362685771032,110.53349904544748,2748.4450493703516,24.70188454164824,medium,9.962244119753466
22.42186427357418,79.28331385383626,1987.0931606802374,26.262969656874628,medium,9.557650447531742
481.6977231921833,103.55679929662443,2404.5175320633284,5.2509104563057125,high,55.41528559595994
419.63025905098084,70.70864560664701,2985.6336779981407,11.530021987416081,high,48.60859425749701
351.027360985912,87.92199256768725,1262.9782397959632,24.850528651995695,medium,42.65009556125508
210.38694276299225,77.37623948425019,1549.4630510390389,19.519681045392414,medium,29.018620459430387
94.91421683471442,95.84305695797987,1789.1521511952928,5.159404270050379,medium,14.406695269424855
86.65415090883216,37.34669838275306,1843.6563570776627,29.13483927295467,low,12.60827145151731
132.6190201006517,35.431687559150745,1822.0421505310915,28.184287198710123,medium,16.045149405063764
279.12106570599906,52.23929106091318,2815.22200511311,21.45257488980688,low,34.74754323980527
360.15200212303057,44.35902121018695,2428.065288933713,6.993899773288163,high,40.26654657200667
333.4967145916883,108.46052099329815,2215.8104281814076,27.99545148597754,high,41.32696541127867
147.16760950351198,49.729258862223986,1618.7454357255642,22.51140763194092,medium,18.506529883487048
477.8839875249651,117.82787302372182,2647.5807684425895,28.458799314738776,high,56.39972213413392
371.56948918092655,60.320621259399616,2910.121022969978,27.55240977187521,high,46.767927113607634
281.63348573058636,46.390612411982936,2642.396565100453,29.090062158735115,high,38.19770870988104
309.7431656548326,101.07286564282312,1003.1302103829458,20.540241992138746,high,37.9906766654137
215.60403058961705,89.28369979507886,2272.802740366814,9.20973554580545,low,28.189548584906714
131.38818485556715,74.8376144807825,1102.2707628842015,25.13472420139066,low,15.043043692714583
184.42661253911817,79.98271958438681,1515.2144406674438,23.614213551559118,medium,22.67231740969145
381.34459412754086,94.72816004450374,1119.0494006955435,27.267595615972617,medium,44.009120700262734
17.052809428580375,50.560926719816884,2207.5909058987754,10.09643018152206,medium,5.111756045288025
66.87559384838895,119.67005244510678,2373.1798269852134,10.849255997008676,high,13.93293286830569
32.54129459065885,117.73138459321048,1228.9752761318102,31.712285516579854,high,13.83757576813635
29.957113136295366,88.52931177122431,1767.6777660899588,27.499333953562125,low,9.522429635293296
429.17568616539353,47.958820583623066,1912.473017911084,32.24685466100969,low,47.78687519304556
354.7923510962116,91.22054181881622,1738.1060435218333,27.76145963491762,medium,40.707601719756525
242.34517625278934,36.497856808125825,1242.050000970386,22.914659179709055,low,29.885696507991877
57.93873871899073,32.75872519852255,1837.895580374951,24.62398211083621,low,9.090788277331377
250.89177880724785,53.19145996600923,2502.3560956168362,31.6738377182003,low,29.526118021522375
242.0011676824772,71.63606610653846,1142.015329066511,22.364202635358215,low,25.986075794375854
94.86891625590744,108.14452548675425,1160.3600281638069,23.97173972985162,low,16.171991497888047
222.58730812660679,95.44521627896772,1709.5425836719685,9.694301480108017,medium,27.73336122152731
205.26731985471298,96.84358690799829,2883.45142323785,19.21763660348308,medium,31.813698612177692
311.7665480455861,68.29440010032678,2337.1452934458284,26.49191335874297,low,40.88123662061211
321.1958889251455,61.13414932922666,2357.3399133451294,13.128280949490962,medium,35.19435809228337
32.198964788301815,63.393488668614246,1723.83998167573,11.067625415736048,high,5.979780672331989
193.5601811669709,118.88846073624521,2187.3215824170766,14.414804246732466,low,27.079271508140856
316.6713586999758,33.609827227123425,1020.2623680554867,12.245018839785004,high,32.85826399701855
256.53676670424295,108.03283465102037,2272.1920928190843,11.447379111091875,medium,33.87681743827874
429.6800221822779,82.0807867715154,2826.5738951524736,17.745525286042607,medium,49.42282372664533
332.75987949328305,69.47538772706315,2225.146936689638,32.23515541650602,high,39.858320507646674
89.83786926990055,95.27318943736229,2747.39718693269,20.21178940216155,medium,18.72914852310641
44.57868622621062,73.80020472822326,2447.9461109321874,10.637611424459692,low,8.573758063537994
324.78544632109464,108.60809142734945,1241.1168328073804,7.309150081426222,high,41.21357998205338
22.990542165394686,111.06316776101326,2804.9066145716833,25.884684354137757,low,9.45866123406284
297.030034823997,67.95488341861099,1132.8876887115498,16.483962933091632,high,38.69544066967026
470.7128182982292,54.914501751154646,2067.934945095528,29.654928397560777,medium,55.42344307895057
291.9823471591807,83.3115295734026,1284.2742475869154,24.785323059223106,high,34.66977800099488
200.20326384119574,112.11270110550218,1023.4132214618081,28.887243516241057,high,25.01108020695882
325.21122703675303,48.959597010509995,1844.0685202552781,13.158381182553462,low,34.63502292693245
234.54391634084314,86.06699252071346,1590.0814153083124,25.770767673831745,medium,31.352787356315677
277.3522267648081,86.84041980832686,1972.000987595206,12.921859540811564,low,34.11765771683948
471.3177563004973,95.98017201737528,2154.3997734691015,33.17205438350875,medium,56.27063831972661
199.1902925223794,41.84109166145338,1087.4781446178947,24.09122844600123,low,27.747932202979797
480.98337627371797,94.42424682138797,1246.0065902474912,14.735354005260263,high,52.67214422130904
453.6218145584712,111.81292685990769,2117.284792900851,13.085355868768179,low,50.74068966291487
105.93765604675525,46.171479798321776,1686.3347063453166,10.727797552149305,medium,15.081072745523675
43.98703742883107,51.378899243148986,2458.346975098896,25.839228766811832,medium,11.973907190712165
59.38122067493906,117.42555846374756,2304.583297183879,11.561468389937819,high,12.348677392193029
18.928694569259367,46.287925743854075,2691.2087259798136,22.85909797782467,medium,7.196314927395193
56.27705077040491,106.89465840326213,2384.985653338451,12.93905080776072,low,16.226901480961637
344.6733189740149,74.30500708032312,1859.8621547802964,24.85906834381606,high,37.02527941265535
44.882437745512206,52.25079669628593,2345.9332447888646,29.448191856216177,medium,10.211834695594744
166.29805884394304,108.36749111452603,1550.762348510837,28.340757294339596,medium,22.802144174377272
423.98890237503275,70.0774729502399,1612.6269975564255,27.82553992792345,low,48.04195946379354
21.403248510554675,76.33356185367211,2577.9703198415864,10.631672170767562,low,10.060858566455712
409.0895564685785,62.33100324597891,1892.8390328031644,7.651548409535561,high,46.4364773418315
148.10883963896597,83.36557662914348,2596.760681036705,25.96846485462157,medium,19.815163320712983
67.90076553461157,44.71714853265205,2644.844747336557,16.05041641383054,low,10.828790615101665
351.4012110284338,65.19733829865847,2715.124675322568,17.97038679210042,high,44.14800252166881
318.18199492214313,117.24710901017588,2833.2704716824146,5.934472783801732,medium,41.23103593009173
439.96128662825595,53.23200894310148,1861.9704410265924,12.787293478251476,medium,50.32821074095948
370.18481146390405,89.1062998087163,1637.7336366422778,6.010292116233921,high,43.67222331499693
403.7056558885758,59.267105780222536,2164.3974931882276,31.375573178037428,high,47.43030623932115
148.19694055994017,99.61258131179406,1742.3448468752551,12.301900496555914,low,20.873394793549895
96.94537645206418,41.77862946465149,2202.148333600466,21.72011508719024,medium,12.66779530937649
377.8012283040206,117.28389405706902,2411.171725287649,6.169379619833912,medium,47.644578486437595
405.34902224095936,70.84105872452753,2376.8100369842737,25.00542173916974,medium,48.9585674355894
495.3475195803299,51.24454170118176,1749.1057740402427,14.690820372622817,high,52.164430399265264
212.18266168659898,36.61470725970114,1333.7204033975056,31.937575608729976,low,23.550208068282306
192.28886203846375,45.27821145787867,1861.058676924415,31.643545668021076,medium,23.343838053883122
390.4423507635785,76.77965537004158,1285.1882881638176,14.758718550852434,high,47.55564252849757
176.99373472397875,60.33028587881577,2780.1940703676164,32.02882687071404,medium,24.942641015749945
466.0710895457467,104.59950292943485,1691.7549214757148,34.88473020496336,low,51.22951266483999
430.6222484030758,68.77987712956254,1308.9194944466476,29.76246992371844,medium,47.92179730729053
220.207073413759,52.384284532886696,1050.8955198115018,30.34614043265687,low,25.502520980657437
377.9268232178337,85.5430487943627,2291.6447725729686,12.470262083272697,low,42.139643042899344
379.72600830149435,93.60994951969013,2273.8046349094866,22.30107196573269,medium,44.94032982691131
60.530695729606975,45.033771711085485,1681.2083331625834,7.017677419021036,medium,9.476068386655022
452.2509242729877,45.08572946594859,1143.423777695302,7.847538104650091,low,47.97801301210368
257.57366249945,33.30042842401887,1819.257789790464,34.96677836099872,high,28.776550509782773
414.9641583927934,96.27618135590765,1622.4349901267872,14.799177482777328,low,51.02343876872689
166.82430450499976,89.74240748596246,2354.2412794700185,27.44551736146539,medium,23.070841045681743
448.8063819631382,72.71677881748326,2211.5584989053805,29.199951590804496,medium,51.11937726460195
200.70882257973992,105.97534040722775,1729.18745639508,30.740698130216877,high,27.288714291479174
15.310449225346197,102.51031376550479,1435.78510850998,34.928848922064695,low,7.431600507805815
453.6371684454392,82.6818927957077,2976.0719323111834,12.244894557706036,low,52.75534182695295
54.730471625205446,108.14441524619328,1908.0032423922298,6.210524805790991,low,12.981077607475875
166.4636824193033,48.52570890330914,2376.5484715604744,17.33574553983758,medium,21.78207266785307
475.5303638548944,40.07276574579551,1281.1059351567214,8.902420094868408,low,49.20833852469178
475.79750199940247,54.277465036529065,1971.1793993187957,5.6727766748616535,high,51.90928160332883
290.9845651804102,35.137817048038336,1055.073439738931,15.812804814244583,medium,33.589192609024025
319.6002339632016,77.80525752009288,2010.9102358208997,28.512147532257092,medium,37.7866847207082
229.7383057693767,114.29451230654654,2928.0348142354046,21.985420736752125,low,32.160009039070445
153.67327813205162,33.54091866016587,1768.4134259716004,14.383339676310621,high,19.290694570400873
171.04562723125883,40.98989226090241,1077.9920251498231,24.630260164781593,medium,21.313142224436476
339.5340434777488,70.69791254550918,1061.911581838687,11.960545409264322,medium,39.787118841009296
378.66351942446323,114.04875157751144,1775.973519893739,5.43144338216255,low,45.05077625553882
397.87373142566577,58.45404944790755,1320.0498729263882,27.93060159309282,low,42.48676089763509
396.9128899693314,75.65113278195531,1046.7041926563718,23.712292545920274,high,42.320242096796726
54.69099049385828,33.741557314535285,2512.4272279003535,27.8690787350288,low,11.982667755835951
252.26594930426492,43.350888086588,1917.0460177637815,6.168140500629969,high,30.913367653468107
38.2037924081557,118.79671106629623,1578.489543945309,30.113588834919565,medium,12.938569595099938
279.2691523386304,116.86068267924409,2800.1663660329614,23.5857860010891,high,38.428380649594445
226.34994567295473,30.444598284096866,1232.2779204010512,21.901860521379206,high,25.28540903986338
444.9750495515669,115.6630606880915,2911.8376579106384,23.738421443435946,high,52.18012702637517
181.94835615051855,87.52079440339503,1627.9334347547056,30.932997406050923,medium,22.547323924440747
67.36283804952687,108.112646506802,2776.8073446173626,22.608095196767213,low,12.966104433706825
80.06592420588957,70.92658700704732,2205.885752958923,22.42851139664538,medium,16.40741001496736
383.1402095415614,76.40364257213253,2653.4147194829748,34.72037471197297,low,44.14853183785717
312.9268510249679,73.99619222312282,2968.026326420929,27.70190501205704,high,40.347258228616205
59.55011130016722,90.01778317914939,1576.8108756374913,18.26881416353406,high,11.841627645485723
51.212334996348744,42.56861292806816,2922.270970815186,26.221910000987833,high,9.081671800378498
353.4748744149688,32.697623088541015,1778.9637898048409,16.676914150753653,high,36.739371932136024
45.653873118454825,57.713694743207185,1771.0238094738447,11.86626387450497,high,8.164449783249236
412.7114290522745,93.4212686462982,1680.7742085090113,22.905556306632782,low,50.688513674930284
356.05869130668316,48.16681069106535,2082.8152146951707,32.84546294341854,low,38.25705934979132
49.860902514530885,90.60891899924256,1308.2900863569741,32.87418560046388,high,15.387061786736131
51.57047990174404,117.29208414965434,2107.422970716022,15.25715834316471,medium,11.600431896865505
493.45339346557597,38.451064421047654,2083.409624820008,20.83032398665085,medium,55.05950537359899
193.39268992049895,90.53419064026136,2523.80362520974,11.349076957095836,high,26.212770330333687
191.61465206277654,69.9375197374114,2667.299923875171,34.8689332849665,low,25.03321128482069
408.27178795617624,108.13280289397548,1880.882700624848,34.43353723603807,medium,45.91619545905136
474.15180291809077,45.94348105026473,1604.6664987029876,24.48526789122342,medium,51.36508755643506
493.14052127320673,92.33633570035481,1518.669794634189,29.1324217903242,medium,53.42429093214385
379.1553107768814,105.43037606832992,1389.2476734097438,26.453004838511,high,41.477673403364605
194.36719691014872,115.0152797526621,1115.2951643980498,22.794746571184046,medium,26.769923665192763
50.91535118234769,91.49232254606812,1684.8959576694267,6.600439909666931,medium,10.146205388632763
390.801988804444,74.74572876075845,1540.4953842615664,18.642930276579833,medium,47.91310703775965
283.61808237054447,85.60625161810924,2932.8347717328147,25.243589065022316,medium,37.82743491052859
217.86878453101838,108.20144860308464,2115.4176525000876,25.32594841651054,low,32.96049238259481
454.1136486964206,81.35487719749467,1694.554078061015,16.193678552671507,high,49.973833784088725
64.48676633001415,32.73483537271532,2160.9352019873922,33.25075959974092,high,10.851136679884558
251.38630110252097,113.78538259562801,1278.393402691391,10.02071096710343,low,26.965157833033814
15.563285936035344,92.0574075928405,1888.0874984044058,20.01078338646682,low,7.683789544141188
239.64371457712187,90.88620471995219,2252.4686428421273,25.726519296524685,high,31.215412225566535
37.5886050841003,49.410763715794545,1977.7956635849027,25.914074176754276,medium,8.774431254955747
68.22077897135524,89.29969232093916,1803.5576013086484,24.459168703064467,medium,13.250474980438431
67.5878609207814,65.44779650887426,2987.6967777993964,13.258646403555804,high,13.284644302860144
328.11304803687113,88.61096793373429,2760.629524297854,9.686197060598658,medium,34.67285942695085
375.56199084005743,39.593372727719164,2246.8119163188803,24.078209804801325,low,42.53590540692256
295.8506948976082,89.20607741427324,2138.7547223645656,22.979063484183133,medium,37.380798501540966
481.46454875252556,119.94723531935999,2241.320959649168,10.38068030867723,medium,59.1649952092142
193.686583966615,34.33908349745004,1402.6242156448666,26.1541743671169,medium,23.4872546494039
149.99892227811176,117.94567657991855,1790.2754865286372,18.655159752009695,high,22.612529007429362
435.6135728128355,66.62171646505836,1078.9190657817987,25.032817748094587,low,50.43157419226116
119.56196087453179,108.36781053035332,1951.0920749736533,30.12101239310452,medium,14.912220363676589
481.97904432589957,100.4146935652446,2086.0491679153265,10.091852857307694,high,54.3757097460863
15.955692598010007,81.0314634888001,1455.4994722064191,5.5743460399051,medium,5.626765406729053
485.24062508674314,96.46042883261939,2928.0576943310275,28.373077591873603,low,56.489828820892434
31.148356855782296,109.06640051712131,2818.909221874484,23.290922754578478,medium,7.222588536396235
446.6601257120548,66.37262894859296,2444.2864709118116,25.989187088663652,low,53.328093684921015
268.5735434522869,59.43298454069148,2066.7732575307255,30.144649249659278,medium,31.697603522922098
496.5527500984572,90.08340470072262,2739.93831929537,29.084328044735017,low,57.827820226942436
46.16031672034544,102.70613477471328,1261.3046876469257,33.82760440786474,medium,11.79710159261557
281.3885993566472,98.60566212989542,2581.0195885497697,21.078052365563547,low,38.3859229441188
484.9582424533585,101.80322839727711,1249.6416279336966,19.65486897979716,medium,51.308275713183285
266.3179436433729,69.20249833316397,2588.421325098811,17.056615996721902,medium,33.07554909700115
318.40533268627865,103.60507945575195,1551.535136502714,9.610731285326136,high,40.96078621218116
350.9168576024624,40.818814983354756,2754.181162036378,22.178216986460672,high,39.91261694787357
232.72512173620888,79.00401881647646,2888.0841876507957,13.310375729779363,low,28.341362273116697
317.5034592411911,30.51827944483094,1297.5919388102313,32.63922536638927,medium,33.6924638575232
296.31401284231913,59.21272469102433,1925.351210130787,22.495724128312926,low,33.956461966584236
451.5674251405846,62.98153813842581,2961.9747563253704,22.785205415243304,high,50.053546172411586
32.26872636731436,65.65554224483299,1966.8148719462934,15.6477398263103,low,8.327319785047765
147.67196290019285,92.5920486020876,2727.09504502909,6.559680559331225,low,25.205985377116072
475.7016271975138,64.97022911433112,2177.4630442626394,5.952312961189659,high,51.860930818267505
446.229254106549,70.38242603602777,1750.6598158392037,17.700054324595925,medium,49.09435912298346
233.27180886499934,51.378971778689476,1571.5671110517405,7.536961342917135,low,28.462627368015948
313.864972922753,63.59266124664061,1406.4461821721745,23.205408666204175,high,35.854989895513796
145.91677966075503,50.45426645368363,2523.596382755394,31.429190169189724,medium,17.29390930651721
102.17936826464305,36.58763313915993,1773.081013646056,31.487444495561665,high,14.012897066465932
237.21221842059126,84.31037340432401,2022.5509244015025,24.77136230396697,low,30.00922219492265
183.14259173276588,90.13915186995146,1984.6509600023637,11.33695494418793,medium,26.870593967094713
295.99149480692734,85.7541311408653,2154.5580584662625,30.88990494076616,medium,34.406008349204605
48.089972112842574,71.71446394205151,2731.1542912491045,31.582803059396245,high,13.406341695740787
487.4534557564216,64.18072021613068,2961.478687166859,10.899607548588762,high,54.82919472490156
493.2432647950054,107.70002846146427,1815.168417147634,27.12278257312032,high,54.579840803622595
352.0992398696751,76.71736066225962,2655.037844212606,13.595586467813689,medium,39.21922910481738
272.68721950861897,73.12636898667579,2529.055589309435,29.07920937058789,medium,37.613665139028065
161.6685319803006,32.307785922579214,2147.057902911147,34.91713699710808,low,19.958639721370368
408.75955965640486,60.71230448635407,2912.094287223866,5.900780159881784,medium,48.75568151224185
345.51827455140085,64.21760569072714,1400.9490310568056,31.92097597372796,low,36.066627741254266
89.68230027899673,65.89405028072105,1218.5284206192428,23.678916007959742,high,18.99363989856237
456.3543204019828,82.2155132304599,2707.9239339108444,34.20147857494463,high,54.58263567811582
413.0432490323528,78.02422920541906,1878.2996332674966,18.95028552579283,medium,46.76245842372124
475.40195751304276,84.71145835141002,2693.9377084141206,30.42163791714121,high,54.16159104074929
365.6025591102964,98.83949353879154,2786.18041039083,6.871822057948317,high,45.826325475545524
310.573446008537,103.16871648444841,1124.9151872381428,15.058371502348871,medium,38.84564270078785
214.93908778240325,94.6310768603845,2766.929525972121,7.010496132536299,low,29.42755566935191
467.0369568434665,115.99713263594413,1896.6381107388443,34.26029400437211,medium,54.764550883330884
434.3713058552001,31.640932440872547,2020.8649780084643,29.5092172181551,low,48.45726852580548
32.157148352032806,47.62001871151915,2253.1850221864206,30.576422637379114,medium,4.672257913179095
22.919817503653483,30.68065874803279,2852.7652134601735,33.13895694301682,medium,6.267620045428824
194.4670497702443,88.27272427391426,1038.2321888595282,7.55310458359356,high,21.680376708829915
407.17113208309814,110.82274940549883,1953.686936635634,16.5679277754,medium,49.5868015823794
493.7653033643228,51.91340669186694,2375.444084861121,7.131046671320064,medium,53.06732728053332
83.7042766407288,113.4331090316676,2445.413915396457,11.323793046500858,low,13.457578804159372
301.1240505225462,35.424065126060476,2385.064863074216,11.88097331113017,high,32.79990985670522
196.63651974920054,114.09924241249628,1268.8702588162437,19.07321633142736,low,27.126928920606957
485.25805492915555,61.6460418515671,1598.7911767433625,13.056865023609278,low,52.92701064736175
422.63827233649727,39.12787456042949,1717.4310508340268,8.029343204532832,high,43.67163232648502
420.7810653084575,73.7284583267693,2608.87441535901,10.02473267282323,high,45.06391398581023
239.65964829953543,53.109891094845715,1557.519744829106,9.418266906562728,high,28.421027372651572
213.26155614545593,55.638561176573056,1421.4099277344062,34.19230393736895,medium,24.70988042698142
143.96946524604604,57.65609684336579,2914.8960380761923,27.778775207554208,high,19.95627373719653
37.62399335895429,102.27233080493971,1017.7265702269378,34.03284395808686,high,9.91470051097362
433.71396436497605,78.52451490077291,2995.6417113639563,18.192214595237257,high,51.335317413203214
408.321494473738,58.01769292404033,2353.642597714791,13.351054449879697,low,47.91408023932924
499.86165991020397,84.93004049798265,2656.938598898234,28.9487959162756,low,57.47211297589741
498.35205016621364,94.45356068008742,1589.2387926923864,14.787617541234404,medium,55.654072919211174
282.16153574528744,54.53616006601804,1028.63055533412,13.981501211160449,low,32.16093422146698
386.80383343845017,67.21941913728163,2475.7390371230604,11.975179766234936,medium,43.958371200975265
472.93520764238974,40.96974840032528,2668.2891940013515,8.890369346727061,low,48.814094364457624
426.3272214319316,46.30344145812123,2480.9522639070383,12.693891830502979,high,49.739677740890436
131.20056985416687,91.30060685684845,1285.700574601677,15.65959245421663,low,20.934261552378562
230.76662630194582,46.32945129260642,2506.855844513938,25.219826244371912,medium,32.128857288943756
73.28811342423253,77.26470453003542,2537.845564215282,6.876945266583547,low,18.359660198761357
477.485003356774,93.81416355501895,2317.08103134011,11.315208189960288,high,52.51740136216254
307.02557088093124,39.61892307852695,2532.231865591172,29.27070920875029,medium,34.83764235894049
122.03497469669674,81.05809976660132,2691.842879355464,9.407657707513124,high,24.06540110817062
339.1333353588698,53.09065053312274,2227.2082284749167,15.279354395675647,high,38.86676660381032
312.88283782436895,116.66341877138218,1177.2094279393582,30.939767655744202,medium,39.09648363059631
185.49973183609185,73.51910820479323,1975.2556193344217,9.64775933430328,high,21.255401903137145
65.64322017781822,102.53932947976423,1155.2986693432101,7.482105068545697,high,13.22198547495225
339.0708658404718,79.52038879406356,1815.0860620648618,19.536139852400325,low,43.75743423385742
264.9507734428587,33.90712795693373,1814.2129782512552,14.072585338356092,high,32.718624193974435
388.43601195046324,86.98362380346201,1132.0196882804833,21.902250934515624,high,43.323855339807984
264.88011554487673,115.62630079859913,1697.6410679389587,29.114146714504255,high,33.46547639636481
427.56893515608465,84.1450638131698,1221.9961975826297,9.114454644582295,high,46.01548686530688
280.4343509994979,103.72699734841112,2616.470420018444,22.42097253662855,medium,34.36813883225567
284.85960605233925,109.5785817013567,2895.3760519289417,20.165262811695918,low,33.24149451277472
439.5602653025891,50.527179475403926,1144.6329505158772,9.322363580395987,high,47.55060274102945
207.70660444407454,49.0840355917404,2910.2304145834028,23.71995456586947,high,29.39251354409739
75.66746194081396,84.98828899658926,2045.1531986734904,13.209212535823148,medium,14.70426981613008
24.103511393536095,66.99256228260342,1599.1313559077478,19.635029556320376,high,10.287938884886197
380.0172552800733,105.58751725800484,1153.724150552327,7.468169728311857,medium,46.656006040595024
313.9516801631977,111.002081105821,2001.2485361408358,18.78752171640869,low,38.040779645770485
354.99908636861954,61.807924137244626,2589.0310889814973,14.19390404128461,low,39.80226165030563
114.35243913936625,51.31835030770338,2414.1729545333965,29.67143633556063,high,15.269679633507886
76.82202303751718,100.24729637194757,1100.4520229279476,6.709361809921049,high,10.42798886649216
17.126886177262143,54.73254319933225,1145.803670735807,17.5582182475499,high,5.835362096495283
181.7879038152325,104.03528866623105,1805.746565265274,18.75294272394314,medium,19.56490201418534
299.05966655877023,68.13644282838865,1590.5809880958866,26.750182288973562,high,36.35370262685485
202.19958209886883,90.07949093623233,1464.7686461120957,22.22862725270633,high,26.554749546775408
224.36271179162725,38.59817824512014,1562.0089978174271,25.01637011582543,low,27.121232523384094
453.0377603019367,86.14733922089158,2606.965486593769,28.311478569552683,high,54.61525582942382
180.64517884141716,70.65909108635063,2858.456107263708,30.866089209745663,low,25.162178614498124
261.8548496883073,82.79476168579268,1810.2053890551329,14.416264901674115,high,35.54273456650176
393.98997624316013,45.12127869703771,2812.222004264994,21.14068116091709,low,45.92258199694649
204.30596333742238,96.31863704497638,1642.9914024957639,30.203242353175995,high,25.677298318386484
314.822483111658,107.65173697889057,1952.8739726875833,34.68353392895169,low,38.68912238779568
432.55821728590513,49.50658200816981,1452.0579956319993,31.685579331312894,medium,42.97748256444386
475.26510559224465,38.614309996814555,2280.952084351688,16.144017878731304,low,50.095237441259876
82.0660056552286,32.12747274417028,2957.962230349618,10.854995516559512,low,12.117493576379808
464.0279363291323,87.77743503989393,2206.986192086757,19.68177612219766,low,54.288016557332
251.1369836089737,84.63846324799027,1715.6281682270978,27.249243555081268,high,29.83302006999118
136.5397502664896,79.2027671442663,2295.634891981057,19.777072122598927,high,17.61499096920046
234.97652055674803,50.87523865043779,1245.8413569307752,19.495425899410055,high,23.70714579810532
490.2159618898838,65.18153963149632,2777.3181605307973,30.14691263245402,medium,54.1666254202319
251.38286605650612,83.50287016675557,2006.1679015596728,15.842113372015591,medium,35.379722754004085
171.08828904087903,74.70901729732525,1898.699484079284,30.79384024434937,low,23.59313172527101
320.36641861519564,118.90069681933986,2171.7295769070383,17.204144028551706,medium,42.20460654438947
127.6713532013146,42.279577730105984,2249.567725578805,14.846993170350181,low,15.47904339859057
47.17303077324532,92.56300986428344,1143.551612453026,18.61969733599097,low,7.5283026361472025
73.15106373621812,66.3886891293863,2365.2344424468047,27.873408760246054,low,10.836354431964256
72.7424610893085,68.53796534330533,1483.863360631059,8.780060835919828,medium,12.0785461267711
84.43231982102424,94.58379890923587,2427.90526501318,10.89257647616052,high,11.720995270380488
78.02531459821097,92.31925361919326,2645.0695887683933,33.543344769892755,medium,13.38581634442854
324.02862495357516,119.21303943319695,2607.9170151050403,10.26474882144072,low,39.90135759839423
99.12124135558096,41.55548605087127,2105.0019348157784,22.031819537931636,low,11.673367956170154
179.37696882869298,39.36986844457497,2040.3397846215023,22.379433999858136,medium,17.922958395068473
449.4263208539458,95.1904935415867,1285.7519226788236,19.688733861507345,low,51.76410342018733
242.24120372880745,82.05482253057681,2550.6923008062713,24.34235745730456,low,31.212720264558037
337.10329187530334,54.67445999038253,1542.8187608934286,11.894801773928553,medium,39.66387870094243
94.43673688879862,37.147743209008794,1993.3908456358931,21.579868033302446,medium,11.289398876794335
104.22161921624868,37.70924246367875,1568.5481858550334,16.165197657406914,medium,15.557669693332851
30.025621970574644,110.47717871977065,1267.6567259993863,24.85001778887567,low,13.10118642590791
92.77818090536063,47.268059224686866,2259.1153937834733,9.236706301194484,low,14.517132973039537
146.50926612565974,59.10344059039687,1108.6640696458076,22.126322505184287,high,17.71615334789015
96.73513729560594,50.39907620042892,2497.2904682524,10.558110661499711,high,15.086500413467926
53.464241540957254,61.94966752487436,1635.1735905222333,13.359291893451092,medium,8.897099261205033
69.1115768392944,36.2481458471484,1000.2693860089706,11.561294009707497,high,8.190880187035402
235.78159633603562,76.71538118174433,2022.2582784744595,10.485133396064512,low,30.907559084132536
111.10352201883833,36.08513072329934,1093.7038170552062,29.77132854682001,high,14.027925200997812
188.49223191355696,102.03208570401254,1552.3391156417988,13.57122702982671,low,28.04907016939645
256.6744627188799,51.03408737193897,2413.9529749114326,32.81371345593348,medium,30.076394771468568
348.293466028389,78.60107231440595,1125.3792432437317,34.09779576035572,medium,39.54340825806647
29.26294852213848,109.20711788053124,2678.676984712005,22.13781409811292,low,10.1536838814706
401.7110954654309,88.57896321424747,1007.6398453171662,9.290033679971792,high,43.460231011997934
317.6711908505448,77.96620078962017,1493.6477384038044,16.236447301387436,medium,38.95029113318635
50.06192565494723,59.190037780383804,2481.808112304143,28.93196790044642,medium,15.108245575050828
438.05352581232086,59.97017217523781,1632.5402994586136,16.021721860912116,high,47.8321642309294
461.22747626058845,90.25382596783712,1203.784776132027,7.610516549083663,high,50.554336978723555
39.928200328883236,119.47254250990508,1720.4678376008558,21.703547327845637,low,10.41330350184871
145.67004759212983,89.56552708644408,1540.786572769051,30.353625544881044,high,19.53013748655229
405.03862709860005,80.20050756330224,2685.42380432111,28.87779161430507,high,50.78765718097088
376.6472482879926,95.75854592153215,1626.6958351702863,10.253694203910598,high,42.74492386256549
100.4152994846249,71.86850510553464,2577.8649435520147,25.182938432374,low,15.294115929835897
112.58116843498804,35.41281083407067,2783.7442896214698,11.615127903069414,low,13.447944449552558
191.53133036777717,80.60671342901188,1867.6348391530591,11.546226036565166,medium,25.75386335547316
247.41626274360044,116.18627560548421,2819.886287708784,31.222153199155553,low,33.548588750032614
312.94483804984503,45.777264812189365,1754.6361079263856,12.490068582206906,medium,33.18852628773731
190.76768338918848,92.10044017385991,2928.1568329802167,12.897420395540335,high,24.953262189911307
236.64201090524247,48.084031979315085,1178.5790490511458,5.019601722838987,medium,30.363044496840654
376.2607596855407,78.22449160257732,2374.0385330064855,31.12007102376553,medium,44.28795530446461
27.97476941639297,38.700880468204765,1987.6280809138575,28.77784439627404,high,7.2112982808207295
133.69410272857016,70.53338426323666,1775.2976109112942,23.81986805272034,medium,19.120883427509472
359.5412970834307,98.05469960057215,2265.423757497202,27.50797291816527,low,46.186618951472894
448.65135046672765,61.28143718150839,2407.714183268662,9.561457022734754,low,48.342106934602775
260.7219466366764,89.84205520384963,1008.7265393006181,18.749707837627263,low,30.967730001184105
270.73560778000467,101.59049647107562,1333.9061774943975,15.536581620463426,low,33.30442718192827
62.514285556490265,113.44600375315073,2426.0921012686376,7.813295787710494,medium,10.98560215187286
229.23205974349278,51.11778736699082,2332.770827156413,19.583914556447723,medium,26.175422282257024
270.98246056296136,65.93843242283774,2932.0950102573543,32.62218951027906,high,35.74683423736005
128.81054678101754,43.71744119973757,2522.075580501566,6.201773571520834,medium,19.171447046965643
141.92918316519666,119.32351519425377,2901.545415462676,13.743827404813816,medium,25.07221151594723
194.8692399212651,113.43008711318657,2405.081003069614,11.226228086171105,medium,26.49759118665436
19.83488691108592,78.59614172525036,1596.1044172788863,12.14439960997089,high,6.699453710512032
167.81879113575735,105.78299649387792,1210.729844501713,32.25303655638126,low,20.028158158259096
113.60952342830687,76.8862179544838,2563.647726689871,19.042071627028704,medium,19.823200768147654
170.47370256717818,86.12271192024838,2288.298442951832,18.988982388194565,high,26.024998657096205
68.6834445914331,38.0211988904415,1096.3720247865924,27.817269273658468,high,12.311791054259778
446.35836756254855,97.97433784471271,1720.1009318019567,9.634766120147773,high,54.55918474844841
300.86030224148385,41.494213527171134,2913.5996309685725,19.617960623001522,low,36.11473732468534
342.7601363807999,104.34608672272755,2000.8022914204025,17.899556423631793,medium,44.786879502966485
396.69390691759577,100.38252789033473,1865.4582720394092,22.907320716399685,high,46.38209934716397
254.23667747523805,93.78702279686789,1915.3992103185878,34.98673109751316,low,28.84426467864983
52.59094116283761,33.25443424722859,1417.7654480103274,28.083466822461414,high,10.341865299360368
273.18220549108844,57.28155203507957,1737.4143417295904,16.935971090522816,high,28.481293951480254
297.55214783023075,53.680131291975854,1739.6265119743532,29.82659156822141,high,34.817517874265164
375.2653423503217,62.41227667243672,1104.7100403749448,10.121250899374406,high,43.763718222271216
221.5131776525429,37.88784720874547,2535.1352570358367,5.913910589268804,high,27.28850208069048
72.51434836982625,114.32620407279565,1833.008863807758,11.133451173928192,low,19.468574557333998
149.05019384137498,79.84220166411387,2644.3597736328466,15.21234668342779,medium,17.76175471951636
187.9103252353312,57.49718795922212,2700.6960022397907,20.317422723786798,medium,24.404040805900053
326.4994482524846,65.7283365366855,1423.988109397316,23.453874216235995,medium,37.62979943414772
289.6813692877668,70.2482286454352,2314.7069643402574,32.318171516432656,medium,32.4302314081882
184.48739568994466,84.05349000245556,1944.5636083259633,20.29562028651373,low,22.491468298859775
493.39247190856,76.4111484926848,2760.31347584297,20.038269338771883,low,54.430243563067734
306.8296614848747,112.74527758929756,1431.4813583529083,6.507290294689464,low,35.61748970115363
126.24112795063729,74.72671346152472,2355.626400620088,6.047346579686714,high,18.56055903422919
59.873411583997836,119.29422133409814,2215.504244505445,21.53479885749116,high,13.176974657880727
84.9009782003227,106.62824619705862,1590.6029551436654,18.145358397450337,high,16.22938343719472
130.519286908409,48.76594629216022,1273.2018073023453,30.17541184940896,medium,18.36404286365147
88.73387289718228,113.75356931795247,2303.279520954553,9.820387541355355,high,18.12610707142174
101.41784178513983,40.47297580969285,2477.1949162646615,5.749149863511488,medium,13.87986689352889
149.69663265998508,103.57047376420724,1631.2546875266999,18.47116303790378,high,22.533104531043552
94.95306169442986,64.2560964128922,2289.6652080446274,12.124356702567724,medium,17.18927759751137
449.41505806694835,109.01768884005625,1790.2618152230066,6.488431200165124,high,53.13866553847729
49.31453537420468,108.12510210967054,2426.413766565235,26.73794860542887,high,16.749457284410358
267.0105808894248,102.5332860105859,1398.4305497881062,8.347789998717424,low,35.27398881278043
211.09444522493413,101.10273926763553,2780.430005272349,23.24958500023315,high,32.61432148644679
491.36552228521714,57.42112251882367,1574.8191929311595,13.431492505006675,high,48.732056216584
64.89906206234565,37.28273547461269,1735.571975512306,10.204881510650662,low,10.385016012864478
204.9492435324134,66.26821608886453,1116.1839041606995,16.392545687579524,medium,24.440579516816626
485.04051230493076,45.61720634878578,1223.0244246425527,29.04337328668861,low,52.048410244813375
434.09849168805033,92.54559800122155,2031.7238054246563,16.76280730713718,low,48.62656210715386
410.36531476514716,61.1489753884007,1535.185353455943,27.52308947633167,medium,46.696795294922374
136.37238525202054,117.80491807739234,2670.9604514843886,8.76458890397452,high,18.66937790476098
93.73491782113226,87.68748696107988,1029.3867773099078,28.183142589952375,medium,15.875958059119233
337.6351777629712,104.02325072709249,1758.1880973438724,12.10799974719946,high,39.30052596710653
465.39423467251703,41.92722054676636,1674.6910935381852,25.321793896666183,high,49.56292134685401
282.8138175768256,107.58130340453603,1038.655261835202,21.97344664522989,medium,35.79584019532834
290.09021784025094,113.0481471462055,1248.7367980010204,32.87434151635062,low,36.396464810232565
147.18975589353926,73.83557269370422,1827.2853498372706,16.61967553925942,medium,22.512078152081912
387.0515372640491,84.56276439758797,1985.7291688948933,6.984955665033214,high,43.04986366013756
101.65143679318645,98.83288208126959,1808.5794945097382,5.574664566537587,medium,16.809702619122987
168.6028258380794,45.73547645343713,2061.8753568241877,29.805756829182595,medium,23.284535565618114
218.46385492204422,75.23094688170983,2190.263349811363,20.742069129842967,high,28.72801636490251
258.729085555383,65.87967249950819,1019.8476422556713,28.257321555048478,low,31.32050154524546
128.78076888338933,43.173659294602416,1928.1903189070076,12.032768000345442,medium,19.301363568745984
66.27004412220973,63.07809800623783,2926.9984817751765,15.352512365397011,high,12.048948020222957
309.20382079639995,36.13550784469442,2038.0645602590973,5.903116166339569,high,33.59059143955267
151.42897108772533,32.32307162545383,2355.0845349179062,33.844769737223366,medium,20.60439179620004
294.80672849708003,42.16496602393405,1623.7277158337665,25.036037201024403,low,33.16414626672654
85.63773048435914,116.68036004302564,2547.982756305525,32.996152632779186,medium,19.520142468615944
245.75864990886058,79.45765823055153,2545.8429637522304,12.96489222287217,low,31.9637866626247
270.96882195027706,116.9239945037898,2042.592095308278,23.343908336769825,low,33.97241173831265
35.39353304298918,68.92480904971188,2952.0276465584275,25.354999048779135,low,10.867939447453017
174.93609631502108,58.06345197767336,1251.1004295253067,14.526491007727653,low,19.98774824154329
75.86319170009737,75.55276765562198,1033.895329779162,30.4432770504689,medium,14.5961425897888
41.053735531656194,69.55605197696191,2540.316423514192,33.414843887007436,high,7.663336401301679
495.08051387107315,39.509821583556956,2614.311074729765,31.54565353088013,high,56.857440624716105
167.95338403761426,87.67436832211857,1240.4144582411525,27.172009278181175,high,23.332944393259474
406.8384784687711,49.443436425863965,1531.1656659172122,13.323940391748621,high,44.49130279875967
134.77392083424428,85.76291594080466,1035.1047267332578,13.448481263168953,high,20.461795721697364
343.93633388972535,88.51809831583381,1586.6172215611296,33.90080961338114,high,41.76781691078388
382.5116513459464,43.682236781578325,2546.283747837343,5.308534878070761,medium,45.69540944160773
301.8629828978437,35.521466439960136,2035.9210554251579,26.481499197264334,low,36.905231135887114
241.0723323895776,100.26854274615958,1696.1911863365763,26.187384876657866,high,31.78330629970147
211.80204793216157,71.38203813923882,1743.4785898126606,23.680686228493922,medium,24.986050776192545
180.9454506060677,35.23474159549282,1002.7072514309363,34.70326538260598,high,20.123004044745926
465.46928068143467,119.53796854527904,1599.6010551304717,14.356383072911758,high,54.12369760964371
417.0035098159873,35.200250489672996,2292.917483275861,15.199155913797446,low,48.0687159372864
482.86318622659115,92.55317059726978,2948.388887632714,7.368182088396667,low,55.02327493836434
70.90563950791692,118.53110327370723,2694.121653967799,18.283944096312123,low,15.148199168547702
368.1250628497857,51.526209379433304,1047.1899292910582,12.831455787045442,high,44.2610224996466
469.78682384230854,42.80244318184766,2797.121209349679,15.301601065329326,high,51.86034474057076
98.80420242117347,40.9246445480186,2566.3968265972517,30.03715370766883,high,13.523957052659007
42.58317100972097,57.294763281083604,2560.7522471419607,33.06453540582487,low,11.567744923014782
373.14911815212895,39.0941229909582,1915.991518007143,10.571992160155569,medium,41.179060838450326
291.4918254581568,92.29452075247187,1796.0105859090056,16.175267946603974,high,32.942473521947186
422.4961006115533,35.606261831705645,1605.8314576663852,32.85891686346182,high,48.04617194465636
78.48846454688186,75.84799153348106,1131.3897179087317,6.8542538206766785,high,11.34709964607919
399.6809828113462,119.70271684676791,1456.4707269873982,7.770815843341356,medium,47.574584205672984
108.79738682339482,103.25732425554169,1493.2072699560492,9.883729676186881,high,17.49837123425977
90.19141200419521,85.36974944079098,1968.1541394204032,22.856385023806244,medium,15.944549009057262
90.49024098618654,57.56282587079505,2494.888813193388,9.514168130179925,high,10.135047741524264
409.14161291337723,86.15062526624746,1947.6196567958932,34.042291443522004,medium,46.83953616828275
335.94663814113807,77.43373175204864,1115.6888988943213,18.401435817755612,high,41.01572777901952
266.3020581368685,68.34750455013344,2915.5796019764075,20.045538810504993,low,35.69450707105828
185.82693722051621,41.76393390661795,2885.4486381882243,12.399758474162194,low,21.697755877031728
439.82826499842304,109.79437937164201,2570.3790862968167,19.128807573042003,low,54.075409115875274
202.29810263709135,70.48061839391903,2982.655803128441,24.857408979110346,low,25.462211567473464
410.13372534107276,47.51602606386886,2088.964665600526,27.535314108621282,high,45.00442712521289
225.17610519940703,63.09834157895607,2925.536700506412,27.61604248129739,low,28.230255991289393
194.70277041820472,67.27167772760343,1151.2100812335016,22.33673338082265,medium,24.42604576265319
236.71309497810716,104.47841060101868,1731.3614965227425,32.13079324981572,low,32.95063236946428
157.67515834042962,96.02529425052619,1450.7625360135316,29.522235419183282,low,22.84393450883286
376.32859628636305,99.23744042772059,1391.66616826854,27.711443440958764,low,44.01124873205278
256.3329911453148,30.99281379857825,1281.6058977853522,6.668165650413819,high,30.465849824826314
123.78422062194048,67.45385983617854,2244.827283131993,5.20633886658948,low,16.442682945333438
450.7915409045385,73.32097364717913,2562.64371149461,11.373418315864189,medium,51.267145780530164
198.1066984728736,31.727304914075102,2156.596798840721,24.905707817403567,low,25.794251426760933
276.3409019458544,53.38318878705308,1293.9254191764194,17.335924666476373,low,32.829146723360424
454.171334372628,98.42608408099215,2622.247539866942,17.07218777897935,low,52.19879910407932
315.8766179978561,42.339873515609916,2271.909414327457,31.537606646888413,medium,33.266027423161916
67.2800399470984,78.17791183073325,1776.331412253991,31.866885443955162,low,13.35361623452967
470.5177405706028,49.36816848155138,2348.260591072126,32.275257921607576,medium,49.03384524762008
317.57694600499474,31.090869717950394,1519.8099584856657,14.41634229545082,medium,34.55120873845484
174.1037511819722,51.708131183958734,1690.384416988421,25.731674382177854,low,24.301379636678693
78.24331560505976,117.82863794190484,2834.9716862639807,13.14899543823109,medium,17.875742390851208
399.072342742445,102.13834006946907,1581.0090113428407,10.718294992233494,high,42.6550352829588
313.8356504049716,116.361897988893,1939.976536315873,10.538973720421076,low,39.64792922214254
271.39593506839753,73.90686395337262,2780.282274792029,15.263228625907821,low,33.129511436354306
448.0073656949692,39.87625788097532,2415.442700535055,17.89872859339465,medium,46.8415446485638
396.4126335000201,79.31635400763236,1124.4064523294055,29.92847513165205,medium,45.700814845633765
84.32069106904808,70.89396011039648,1294.6060885579407,8.596732804181363,low,12.373864831442933
162.74381321981863,105.99213744656544,1015.6831815438336,27.047775421846826,high,21.889081052793443
131.75967850908822,38.827432270582015,2261.843580458327,20.94364742567916,medium,17.83670975600648
374.5336833606117,73.94170233196004,1895.3468508208366,13.638360280279775,medium,41.930414844479834
26.430893020531897,43.50437982245858,1268.5497018045512,19.784587535984738,high,6.476175538073645
289.2459455869451,59.22083342010539,2915.868242113541,13.998262093310679,high,33.754837313486554
383.60475601293837,96.36213696490196,2059.31944789124,22.88245865714918,low,44.38980356275658
439.61516201325725,72.84163164318899,1483.7865882257784,18.015317685657326,high,51.25339708715858
177.62005687079466,63.82994566311924,2001.207142309415,9.932165872366362,low,25.243375044029058
412.4160792892863,65.50286507130318,2359.2406654702154,8.497492236670901,high,43.54365827604547
64.20955110805154,71.3502091565388,1152.478435947129,21.400870462163905,medium,12.849098396893968
424.76162294991394,100.65148894533512,1549.407630095784,32.0723909985831,low,52.17605029159198
72.46944454267138,110.2876220046211,2613.9309817679873,15.318730596730566,low,18.64319747704064
204.67077237457997,115.98012178535355,1919.3297408053224,26.990003216678698,low,29.49607255146803
400.6747292319813,100.82130476297655,2093.15428406459,24.75984064819301,high,45.33449513640568
83.45953940089915,58.38662061732114,1865.6320044189385,32.946647429284425,medium,14.720345130362825
122.33318366399433,91.93212354778879,1087.7998852860103,29.629430518974225,low,16.475514023832794
363.9037585126025,69.38428116498528,1331.4995596403119,21.99815776716389,low,40.725140714508164
362.8179029075764,52.92035598414461,1891.0832774837818,24.71091494702322,low,41.83216483100852
324.16234011379566,105.67844214833303,1418.3709308158557,31.951593997521044,low,37.828524296349805
350.034737788879,33.45837140660925,1099.9580573193575,16.985563537608044,medium,35.65340542847823
275.9349772403221,111.15857929218812,2687.2993281036474,14.803841175733321,high,36.91831106548425
133.38153886440685,71.53297181622608,2962.385058328232,5.32433250905589,medium,23.664879269295408
179.39103681692052,87.34813291274523,2586.285747993479,29.796532225743928,low,27.67723005853916
98.98288123269857,89.34185299852044,2707.5698434093338,29.029421012100947,medium,18.777617196826412
455.1407750534779,110.56059666358827,1483.9542606340908,8.13363554300454,low,54.56576882577081
295.861979435399,87.30027139504867,2921.2539510263996,22.305721433981006,high,38.37096167302238
206.41719421418355,85.25402262840555,1393.8514089068567,18.919450945006623,high,27.387266930014345
236.38284378562503,35.9986836504621,2902.8596207236646,8.561272865273343,high,30.2239265896593
474.1688364097895,76.65672197506836,2989.6385879319023,34.417046811821706,low,51.84680261167444
85.1421875268793,43.51521007353375,2423.4456114920977,11.440876623900664,medium,13.626804232981549
297.25261768823066,96.3690391849337,2962.287463583644,7.017025402716834,high,37.41427503319288
257.88545265338837,76.0999728731407,2139.0795591342076,22.845421385057286,low,32.11888334426978
309.61257536297745,91.2205001287518,1519.0835663521807,27.16600031399098,low,36.39028168273385
18.87399007221185,33.750561054214586,1873.9917713312416,5.973303381415609,medium,6.5496275546257765
437.34071538263424,37.63128144412229,2187.1218707575717,24.761529161810664,high,46.41451675347001
466.73795841697006,94.4691049256414,1146.16312405403,20.968756278543633,low,51.68539191603447
286.9152599587124,36.4875902398806,2244.686529234492,8.097950266251452,medium,31.53381171245808
351.3589036996772,36.41310549887327,2962.3556735245893,10.17571630839086,high,41.748551756059626
462.02469677687486,31.08976277113987,1380.2152995674553,22.039228919482415,medium,49.33411839858837
356.5469308135653,116.0851258469532,2585.190232576767,13.89072840539865,medium,43.26138221074142
84.74413102798806,96.37575235131062,2815.7975875592388,33.14947185953948,low,15.693633636486611
292.38129648173845,61.79262676518577,2887.4031856404417,29.562206884521522,low,35.51854747427961
307.2903727275994,56.68820231588897,2920.2712088108947,34.50701619540989,low,40.073138597059085
217.82402893816914,61.47329067712646,2042.919277442944,12.79012516851242,medium,24.553847284107963
370.8576754561142,99.71881780630636,2954.6158159830075,34.09170898393931,low,46.71826133710871
467.8398372368173,89.5233549963373,2514.6204142688775,17.937016093746735,medium,54.897866724766956
463.5285713243204,46.66760110807211,1323.3428724739238,15.42556385941264,medium,48.397904902010154
230.91129198802474,45.669840180067595,1953.80021293594,6.510485809080597,low,30.32727285914197
65.48664246197006,38.85560847420576,2436.662350744008,6.582957735788079,high,12.072497499770538
492.57218749154396,89.42724477312044,1494.6806316381667,25.76033767839964,high,54.46539838977307
421.0600623585077,98.79353959995623,2281.2303670977744,18.737869833020838,high,45.79546562938405
71.08471378960076,53.85417854925036,2333.2009580932386,11.795648781083171,medium,12.710631421324889
461.21252248251244,31.885046492782152,1325.3994876171319,23.41910918975698,medium,49.18560398289309
436.24921741044284,37.39545007287846,2130.1706249055123,12.585743547503334,medium,45.68929644253652
264.2306479917753,117.10740313605274,2543.253821957215,22.32895263033268,low,32.95774948396944
299.7249635150153,56.59002997296783,1997.7913290718839,15.77626240948071,medium,36.694571537555625
205.51132489636382,99.23008330543203,1024.2062335522148,29.706566798354572,low,22.922518741801756
36.83320302279535,86.21972119688374,1018.0769381585843,29.62088482300338,low,9.937157658658414
174.24664840649146,64.37456756876063,1714.0586879400244,19.320511943672038,high,22.1757830758422
403.3981898130256,48.51185359759996,2852.388136863564,15.524573280050468,high,46.76735518755351
12.2696912722554,40.92477763434658,1457.3535592072176,15.876793896772837,high,4.300719487397413
173.41459412866064,85.35116712349799,2268.7273777433743,29.171435770046536,low,24.75600943500543
205.1026598595622,99.71704025740092,1444.151741386641,14.84538448392836,low,25.60317389599478
273.3238454395822,87.95138281870176,1643.3399793190972,11.271781211205381,low,33.38760164397772
460.72925204225265,77.72719199242425,2696.084179202968,7.540650256259205,medium,53.70894324191354
179.709537239321,33.77561010884726,2457.722884539894,19.00079362653225,low,22.60920879273062
180.00706892915156,117.16398998349455,1190.7985546264213,19.463962967595258,high,26.00495826119535
371.3756115737767,101.88427724891172,1857.4040419728672,30.227261312087215,high,42.535609076013706
231.5867910360055,56.35398330308683,1058.3395272905288,11.63716089338192,low,25.969740281209535
120.05636324059117,118.19732964229655,1961.780293206018,16.429738210051998,low,18.894900803048596
231.69536290501978,84.16934306726898,2324.8680234021363,29.252172166810727,high,29.44241367776217
79.01993998610193,82.41803923865218,1237.0052471963031,29.708708322469207,low,16.274154030199455
96.42962338804942,97.3265861486579,1577.7698778183312,16.538332279363047,high,15.544087335778396
254.20020864234507,103.05928092811239,1795.673251004314,18.773720698600428,medium,30.269276449099454
215.27347025722847,89.08307465983523,2839.0620493120996,14.098576725478488,high,30.044839950982677
458.274491523369,41.528617172958,2986.5100308459278,32.976646352579365,medium,53.913443368225494
187.57301056715022,60.44407553950485,1089.8225979912318,8.559312972247408,low,20.432496857699356
294.4882916362413,113.52752762934448,2522.0158469907838,33.0124826900441,low,41.922967728418755
319.8095010805699,50.21540506594667,1743.4481328046863,25.515993555060298,medium,37.32068163435575
16.41628372828348,63.4950321453762,1784.91637245896,20.947164580601935,low,8.87854957649892
335.13331228818816,68.88691946497764,2508.529946694045,5.979771823534876,medium,42.46014813708373
97.2376237661782,69.5464490725007,2836.8528642908173,19.26788575466025,low,18.175851837495763
480.92445556003304,85.1645624245073,2901.857189005097,17.23244315008197,high,55.20378410371922
82.84473659902535,114.87682539702368,2154.2451720766417,9.836564359253677,low,18.716322033805728
213.16582062624164,51.66234406492545,1714.2423186010055,24.692288105019706,high,26.37006400526348
51.82133735853549,40.93512386708262,2575.098171717558,34.13452722104857,high,12.326302822951003
498.4683834045142,47.77234408739436,1502.0027665246005,21.865664331935754,medium,56.355865922226464
256.07555506230887,109.82324101883425,2128.1480576670356,26.442598293318376,low,31.309498417827285
301.73865848682146,88.12297313896855,1717.1569230497462,7.053513576980503,medium,37.95630882840414
42.867473920329466,55.73161103152441,2313.262147415752,17.530009874509844,low,9.198106352743276
377.4806304955971,103.43522450717555,1480.7978257870138,8.490754554934876,high,44.76191091982288
112.85374061683703,107.52329967270924,1383.1858914696516,23.383875066095314,high,18.532749185135366
450.0466018259497,106.18629048212502,2836.4781733508744,33.15446474642464,low,53.65593796266707
110.51842383618352,112.7033880275599,1203.6073658990738,24.853331974149157,low,21.18620309509499
103.43698312519662,52.701691815602544,2011.9158154698634,7.304091449432645,medium,12.330844379475852
27.90933724556649,97.95377358716505,1441.7055659260177,15.639986149552485,low,5.842041117596873
241.31280310389963,71.4485547546726,1077.859926651335,21.519901383225545,low,25.13018684527604
286.77215529868204,105.77986976010554,1072.0376365828529,17.096232683997567,low,37.34749750916814
42.19723331989266,95.5641609445452,1350.4435442116546,30.00932031425517,medium,9.101593142835414
390.00853218055516,99.88027018497522,2733.5407090120007,29.440130141299676,low,47.28718167675904
232.11152902653353,89.05456539129644,1564.9574879540532,23.354930603096644,high,29.232953717954036
266.95123197051424,45.96858925227362,2900.9183411505915,16.20373835398116,medium,30.28375810307555
225.9737459997318,79.05242270072445,2163.244585978387,12.660091212897324,medium,30.542795708228162
206.37389982890974,118.62027655720574,1873.2283795375322,8.17622954639388,high,28.268468549317966
284.22376234102677,114.36492598474071,2160.1776693389093,15.646930504596622,high,35.98179935364782
86.06772050604913,33.88563622173105,2033.3967704525355,17.395175516231586,high,12.97414500278682
99.14478394268285,44.83333341564934,2517.5525075146506,25.27468775312221,low,16.36798861977306
432.2749542966235,41.85558961091057,1564.9921319457044,24.744794728927204,high,45.21476250237397
473.59657644548,95.3381918986766,1706.1007832006048,7.103244189237708,low,55.64953715924139
192.92156497707893,103.60067968712505,2788.1886050665016,16.857779462934733,medium,30.328663921306692
142.66488984034135,49.21602296796047,2892.913026300811,10.453366016520857,medium,16.872492081375828
325.55977618711773,75.5267423656646,2785.116454972949,9.70438115950417,high,39.77107296181866
210.27974383806725,105.663272521008,1838.8959879146273,29.819064492117377,low,27.83838021797827
22.439314273568982,95.95213902896255,2560.7310060137634,6.2574565014877255,high,11.063305111273948
86.51477270943327,78.80134849426634,1952.6714666021976,17.57548627706364,high,12.286652599975776
360.8263921352248,83.13129214128956,1995.0797042922045,10.046109672995545,low,45.59262107289628
332.87273153597414,75.7524492224652,1409.360218114568,31.37990647035422,high,35.58226528468066
23.27703632670691,56.77936061869385,2182.260606517033,21.711215398251053,medium,7.0774825445518585
118.76635934714523,80.85197935731145,1372.271795506696,11.941419091305441,high,18.27951304099057
123.22665032815499,91.99967718450816,1663.1293981343874,20.07281861499129,low,17.413832782455557
339.22744436337695,108.59906242747269,2710.0604032398705,26.944590791093475,low,40.64540077194806
19.658163499638434,87.26622185813233,1414.1516184217105,33.743540267583015,medium,8.525185737229048
61.01320517244118,98.50093833388422,1142.3165703468655,11.613380127362568,low,12.44033764554098
401.9588818328628,44.40644714591157,1138.0151852256326,31.585453163880352,low,43.8819565962766
97.48688440662347,71.54017269778109,2881.569041006216,33.02912342502471,medium,18.25493437373912
329.84559284741863,30.839845784438396,2013.8408759236693,32.49261633596198,high,36.076373226391034
126.709562712896,52.20109780694607,1818.8241436340368,24.062430705857295,medium,17.97964491191952
58.726282452079126,95.38155436017044,2621.757162015837,23.89461963304123,high,12.489203705011052
129.1543735897325,119.26289562144271,2671.651855821032,17.096318995514682,medium,20.022538214162747
363.910796609273,38.92602896284943,1664.3820662312091,27.571936469113638,high,39.707965283012086
429.29126937208,66.13448842751595,2387.2361149475905,20.938820550527957,medium,47.83494530464941
416.8077336378259,102.00638718292436,2542.245631703773,25.323142136848833,high,48.67896217367551
204.61992951304288,48.3632071166009,2309.301373731909,17.853737115463865,medium,27.69864688762521
337.36171691961664,79.95764543720577,1303.1901496001988,26.94489392129417,high,38.79848614456399
110.44230475375228,95.97641664267073,2751.766167034114,29.734145528136473,medium,17.566345585264514
153.6423878278965,85.43869052341611,2078.189105472017,9.393087698084484,low,21.8644508395093
449.20455107534866,46.92222611538745,1564.9448527400073,29.98789146722684,high,49.33984605897333
16.370942520260655,61.984611181716545,1850.4563708753878,21.208895953709217,medium,4.42510768233623
51.89918011868936,100.54126060368574,1075.1421807978147,30.33997727270673,high,10.99871045173042
111.8642650215534,79.88038627188149,1255.733602444835,17.939051190230437,high,15.93820128189936
23.00077989817166,30.470665218862145,2531.0935010317216,16.37121456149105,medium,6.174128349989959
98.90336319400069,98.48916840252845,1000.0232695107322,32.45182197551667,high,17.590392974868365
295.69036487514916,33.17802194462152,1833.1316569645844,12.53507802645204,medium,33.45976376430086
216.49802979032398,97.1160404458109,2045.0203621711769,30.326369758584292,low,31.30976375585063
447.40913842771766,48.223250414871366,1109.2688400019447,19.520617175282123,high,48.43323066349247
410.547345251836,116.22661321074422,2946.1563259446657,20.42286327653779,low,53.568624705190985
177.49050233195922,63.11466761718761,1452.250662499344,14.254048444684521,high,21.57802473353819
137.11748238133333,59.42384547042712,1608.3974392725618,22.19126601857047,high,16.974125848782705
196.0492800019608,43.39992452992002,1607.8850245100548,14.756335888286339,high,24.624977959638947
299.24452183225577,57.50437939411934,1460.8333242346998,6.178082427249569,medium,37.05044917636877
141.35118400320937,108.89856856453805,1002.9476441726229,13.159958160330682,low,17.956987445153317
315.83296484607564,119.67009038645226,2458.689588175993,5.19137130219772,high,39.68342300869952
210.6117095737078,63.14785774561635,2933.6909995985707,34.3506436117057,medium,26.274197390195486
280.5031186174703,70.37495678590884,1448.5869665700902,33.97241629459242,high,33.64307285654265
223.70199927630517,94.98638443824633,2326.0943836068445,16.85465892416915,medium,29.63419596939018
154.28822217553966,109.75762024185671,2483.7926539174305,26.85112563018938,high,26.35976963512157
474.74212041145677,83.37399007681057,2696.8507581810495,15.374182952312749,low,54.27669454694082
384.1668391382828,65.23731283600463,1845.2583940272184,25.132794712579283,low,46.52470409472198
78.65545612556174,67.13596567637614,1605.8618112808585,29.162901291379374,high,12.489634048532261
435.5493081899773,92.60563318471262,1650.5902680460622,33.40268734076722,medium,52.02279336989753
248.84128714226168,30.28964372438508,2425.2426661970258,17.00636827549016,high,29.451243305670786
448.3305911781048,85.76304037138567,2633.558933011272,28.49893948868143,medium,55.499530261644736
401.92907541418447,61.99437093972217,1363.2279355132052,12.977853518963563,high,41.83160283347855
218.3546171899244,101.47775981493758,1741.8820163155306,34.70996911380945,medium,26.670615981673297
21.009961076857525,38.36915758408189,2803.8803934983,5.773087962930534,low,10.544309829334225
141.65190609862358,82.93820402535515,2613.3870393894786,23.10586419503363,high,19.690016305497224
275.4007651838248,73.28756008975114,2969.7168055249517,24.785179449539815,low,33.08241640673866
320.40432771481215,87.80929733147048,2508.4965193641615,25.641366712223864,low,37.44436065354143
136.36496586226912,35.83682350346715,1786.3904020558446,8.611627363672671,high,19.59773635016029
78.28447629568383,82.19854086853181,2181.2756679892755,33.15589350419391,high,11.94429404957594
419.11581603165655,80.53361291635713,2322.028508494641,10.435498371502483,medium,48.4095465657485
492.3570685447405,80.45940849745539,1156.9116326342478,23.682602097195232,medium,54.121171289391945
267.58818932831605,84.31388999368093,2088.99391820773,11.680282373692549,low,35.25334134146918
94.12285006566871,90.8821143503726,2418.6416569452194,14.216492510638126,medium,15.389831981473813
143.4305899944908,102.44900997126928,1334.6426080021208,21.39375625184373,medium,21.844634826759652
19.0114315082587,54.28386481153929,2561.263434851114,17.515802556937295,high,5.009325505068782
458.0064152146445,104.25444691620558,2167.5455610282233,9.806768029295188,medium,57.826859185950305
67.69803061616915,74.84301140371082,2904.4435713951893,10.12809207262545,low,13.038493474616484
292.49307300198427,36.9352451220898,1084.8445964137834,17.544343644883988,medium,32.373884558936275
144.28705813673093,35.26958363195813,1530.652275110934,27.71848934826502,low,21.30953088156567
281.54722123273876,60.08144868264547,2203.107758599648,31.938939405433658,high,32.507946161449716
329.19599029241346,100.64072794003208,1593.1198244118614,7.523829867781485,low,42.954758235209866
416.5734838165288,93.69128412668242,2428.848328142484,16.79311722678203,medium,48.11574974012139
111.14642316269557,100.97534682051658,2518.010565043862,8.007366911686299,high,20.104890259098635
15.387956042655434,76.55421507974484,1205.031928132949,5.4977744189779365,medium,5.481152750256917
77.07395873371556,69.61790981599415,2027.7089284135354,24.8515604793187,high,10.752443007088516
451.0091345055715,43.27072740356556,2017.7811111821118,23.073483258997634,high,50.34215446558875
438.20613800563245,59.53734782483804,1738.561540431082,9.890573414446585,medium,49.91475526834777
302.73242006345106,69.06174295564878,2865.849725139344,12.014384992791923,medium,34.080551244542335
304.2532616124902,37.97403867116555,2655.0126397464423,5.711232609335552,high,34.42203642282967
335.8679705276652,49.855075744009014,2394.4187638192734,30.048416170832112,high,41.175971688568374
95.9319265254903,83.8402764657365,2428.653271469995,34.24071788145655,medium,17.756504827713634
458.0618535032303,96.20968028152708,1923.4322876262381,9.063786103840723,low,51.84030950949593
215.19755719711583,119.85127602536546,2841.989042193152,11.944256412958943,medium,29.278699724033686
197.73787884225376,113.98019982092019,2389.1908545065708,31.052285718408022,high,32.06900023723159
264.2696755885904,87.83086795816723,2457.962123311633,32.79391393868555,medium,30.710548079860175
33.01332371977698,67.91232479646648,2723.3818075746904,17.58882148420431,low,9.47782148540055
91.47885069047891,87.25596282374094,1548.1431786843818,6.5186741680722236,medium,12.194619383212157
371.6364720489215,100.70864562722087,2614.141807733406,6.181755010784582,high,47.504668133783014
50.57134728331197,40.650257183104856,1390.481205912984,22.218495982070312,medium,8.688066528803455
305.5445336385302,66.89144007266594,1690.6839044897756,16.78685326679537,high,36.11392597418291
130.22106374384725,105.58220570720555,1671.2209085396853,5.859572827329636,high,25.568817915813206
200.7548508805685,64.54496567397396,2957.050936778281,22.4975717693767,medium,25.29781467475481
151.45993101764293,81.4685044104468,2713.0744474958537,5.339076097670674,high,25.483035358876265
184.27963106782508,82.89924247759784,2402.3397231805193,28.62115874447819,high,24.48001271247133
362.33249354028027,46.60286278202754,2454.11352323078,14.192984681101148,low,40.692410948001395
155.58964065535577,62.601189748705956,2124.1455888051423,6.207740090276963,low,26.151597055919982
287.5382737454796,60.1060159867739,2894.181334217038,22.650566629494598,low,34.5576344198753
243.26469707755882,32.35770376788583,1992.517505764723,16.93053243299164,low,25.357434917654317
335.1988710276976,32.177258750221974,1761.0354197397892,34.21401240071448,high,37.795763160280416
469.0465722691314,104.85273393081961,1326.070673863182,21.325959875111067,medium,53.341150545734415
368.96032763302264,54.576372897553114,2572.4113045221156,13.257175431110248,high,43.064026150480856
115.32078550947081,76.6270889614934,2468.887864151183,26.28316593901924,high,17.827956935907586
25.279736180029488,56.88530162298957,1768.7100770482698,13.14476007628134,high,11.70348560937304
138.5093817069143,114.66113206038065,1050.3868279184587,32.127298742226955,medium,22.069126266723064
301.5881860431249,53.336708297919635,2677.9946554360213,16.241659115221292,low,33.51613601034507
35.19864860728267,68.66911314650416,1022.8359669081473,21.49605688328616,high,8.440210657842192
253.21946112860581,108.54572254361416,2407.399559258102,6.517193114726866,high,31.622544082112583
302.4529959692757,105.77402101126278,2940.514219452114,17.783637138566924,low,38.156923553322585
173.7795065003108,46.74912760616496,1875.3226562964069,29.970906189829847,high,20.069557327400386
387.74697983545275,102.23789788161393,1469.9468099919054,29.169464160900258,medium,49.86247137563893
62.233144035548186,71.23681980641034,2409.7420200867637,11.729556765605787,high,10.929423751261714
46.817513050546296,73.46719848768197,2634.2562840311703,11.78237213031688,high,12.482319938761343
366.81249053976563,42.01319751743494,2092.8606321556945,29.519159366397105,low,40.52300231191472
252.79074494103725,37.25413623814122,2934.0705505122924,32.91195260507976,high,28.08814503742829
347.31717424959066,95.51453762763887,1103.3374433159222,7.8608276381901065,high,41.08468863183784
223.06539591583567,74.68150371197697,2009.5911966090562,18.501759182786756,medium,29.036607239790758
130.73699628716236,69.31656323536616,2436.9078946451,15.12362836892687,low,20.24492503432794
411.36013566035786,95.65574057871571,2725.2809422983582,31.12065366372318,low,43.71084976482527
401.7137806947998,98.89616090919988,1358.51122381558,7.5057474404005635,medium,44.08006338582138
350.40127071866914,44.30173509024182,2600.006963527363,11.333778276741121,high,41.88366801071755
143.3511172426817,84.92026345298771,2105.4141514370904,27.57405012759483,low,19.115065624413013
299.2130267658527,42.1818674049917,1793.1073639799265,6.538815469436468,low,34.29477966612937
186.87720950061313,97.62375774261412,1263.430057158187,19.77606142142868,high,22.514050118106923
54.875215930050736,89.12596406404256,2730.5915178178248,18.2632110403916,high,14.320245628745822
459.48365197649895,116.09531589751121,1314.5464163594306,15.03203536966246,low,55.08053695457266
77.04112915029108,36.20622147207791,1619.5757184181984,16.83716945956771,high,12.766191213991613
475.6163033721932,35.13492490361289,1580.0910639248737,20.898217607906986,low,53.17256344711111
228.54282874939832,55.39683672238802,2742.8280683817084,9.841020751651493,high,31.593163276756524
