Attendance,Previous_Grades,Study_Hours,Family_Background,Extracurricular_Activities,Parent_Education,Success
89.96714153011233,95.99033154879004,14.598573800204948,medium,low,phd,1
83.61735698828815,88.86950524369153,18.843850634275856,medium,high,bachelors,1
91.47688538100692,75.89445554880261,13.660640632000309,medium,none,high_school,1
100.0,65.2959483344164,17.536307762887677,low,none,phd,1
82.65846625276664,85.47334970420386,4.851082664369715,high,none,bachelors,0
82.6586304305082,80.90228078132624,21.70634965898351,high,none,phd,0
100.0,88.42789830041599,20.009643802897795,medium,low,high_school,1
92.67434729152909,84.52757702522955,13.463290951454475,low,medium,high_school,1
80.30525614065049,90.74329072979003,25.27396534745924,high,medium,bachelors,0
90.42560043585965,66.97147182659148,27.500561101012465,medium,high,phd,1
80.36582307187538,94.76091098451488,7.139521085048207,high,medium,bachelors,1
80.34270246429743,77.963994070386,13.898201771470287,high,medium,bachelors,0
87.41962271566034,100.0,13.846861201701614,low,medium,phd,0
65.86719755342202,64.66218272865649,12.480775191129084,low,medium,bachelors,0
67.75082167486967,100.0,26.63579873545399,high,high,high_school,0
79.37712470759027,77.96866175193972,18.449390889817572,medium,low,phd,0
74.87168879665576,65.22872994578327,17.883881269515115,low,none,phd,1
88.14247332595274,67.74171248918518,3.9691010847459722,high,medium,phd,1
75.91975924478788,70.1947903770852,25.08334424167381,low,low,phd,1
70.87696298664709,81.36248919602875,10.08593284117222,low,medium,bachelors,1
99.65648768921554,82.8425323205325,20.479461042130627,low,medium,bachelors,1
82.74223699513465,66.39449994092132,22.219015503665535,high,none,high_school,1
85.67528204687923,74.63468111608526,30.88526876670921,medium,none,masters,1
70.75251813786544,100.0,9.529436807047103,medium,none,masters,1
79.55617275474818,100.0,0.0,medium,medium,high_school,1
86.10922589709867,81.54485504511048,21.47079635802956,low,medium,masters,1
73.49006422577698,75.570052172523,34.40408945208683,high,medium,high_school,1
88.75698018345672,76.80046990077392,29.911570823515497,low,none,bachelors,0
78.99361310081196,84.20276959095625,21.677275322197005,medium,high,phd,1
82.08306250206724,59.658111522023916,16.066910514943622,medium,low,phd,1
78.98293387770603,71.13935193864982,26.456980773098483,high,high,bachelors,1
100.0,49.97123889183616,12.21163040236425,low,medium,phd,1
84.86502775262066,80.98834683907918,23.810862154849755,medium,medium,phd,1
74.422890710441,84.70793909554112,24.043761273333015,high,high,masters,1
93.22544912103189,67.75220306550939,28.48167925999104,low,medium,bachelors,1
72.79156350028978,98.6098014493505,42.07728031128862,low,low,masters,0
87.08863595004756,56.61351505496488,23.139327737430136,medium,medium,masters,1
65.40329876120225,53.0343767968527,15.92829099434001,medium,low,phd,0
71.71813951101569,78.36677727839958,19.795405502464046,low,high,phd,1
86.96861235869123,90.70647453918232,5.847392760887054,low,high,bachelors,1
92.3846657999541,100.0,14.442294951287534,medium,medium,phd,1
86.7136828118997,68.1167360569659,16.725740495095167,low,low,phd,1
83.8435171761176,91.18021250146944,15.80729281652326,medium,medium,bachelors,1
81.98896304410711,74.42237295748939,21.218838976269776,low,none,phd,1
70.21478009632573,72.41059050088771,13.420640540942395,medium,none,masters,1
77.80155791605291,88.25489906230008,28.96824533859577,high,none,bachelors,1
80.39361229040213,84.78484317620129,20.001656519345577,medium,none,phd,1
95.57122226218915,51.35411764523626,19.925597430891084,medium,medium,high_school,0
88.43618289568461,97.14810524588844,17.376842267896656,high,none,bachelors,1
67.36959844637266,95.70137031221176,21.24152547087183,low,low,bachelors,1
88.24083969394795,65.61655947735706,26.600786117341077,high,high,high_school,1
81.14917719583684,80.93705300156114,13.062958274312798,medium,high,phd,1
78.23077999694041,82.41045279424108,14.735068087397947,low,none,phd,0
91.11676288840867,78.9101064873586,17.570191769786682,high,none,bachelors,1
95.30999522495951,66.7454226923187,9.23303261221428,low,none,bachelors,0
94.31280119116198,64.92564948092922,13.445937122228017,low,medium,phd,1
76.60782476777362,74.61668893512832,16.19023301164273,high,high,phd,0
81.90787624148786,92.59093528889048,26.99511344570182,low,none,masters,1
88.31263431403563,83.15400231891648,22.1004906320154,high,low,bachelors,0
94.75545127122359,69.44078501870841,21.548719290940355,medium,none,bachelors,1
80.2082576215471,86.57548065972517,26.807183697343778,low,high,high_school,1
83.14341023336183,32.27186069054887,18.901025692804826,medium,none,masters,1
73.93665025993971,92.23148550558156,23.123718799431117,medium,high,phd,1
73.0379337591933,48.904293318328506,19.17422597654003,low,none,masters,0
93.12525822394198,69.56338587895301,22.122898795197028,high,low,phd,1
98.56240028570824,58.20495158060784,15.337930739107343,low,none,phd,1
84.27989878419666,55.57977786418641,0.4894627337885673,medium,low,masters,0
95.03532897892023,92.41240181067779,18.925766702509566,medium,low,bachelors,1
88.61636025047635,67.98448198032163,31.38198508879952,high,none,phd,1
78.54880245394875,80.19755822596073,27.40972321793274,low,low,masters,1
88.61395605508415,74.29619131681224,27.723179876729365,medium,medium,high_school,1
100.0,82.15561240834683,29.88904577444974,medium,none,masters,0
84.64173960890048,76.15232836590383,20.7092607276915,medium,none,high_school,1
100.0,55.755116637171454,21.578525659244765,high,low,phd,1
58.80254895910255,89.94400229170711,15.058784836525199,medium,low,masters,0
93.21902504375224,67.59365125258032,17.4714171517836,medium,none,masters,1
85.87047068238171,51.651271520103734,24.926169198169134,low,medium,high_school,1
82.00992649534132,68.57827258551131,29.63107549735053,low,low,masters,1
85.91760776535503,97.51139685951466,18.884429794552005,medium,low,masters,1
65.12431085399108,87.7533261317024,16.39848588118871,medium,high,phd,1
82.80328112162488,69.7702179838821,20.004223670852777,low,medium,masters,0
88.57112571511746,69.76113443522357,24.809653991432917,high,medium,bachelors,1
99.77894044741517,70.17547423173926,8.449161470931665,high,none,high_school,1
79.81729781726352,100.0,1.630552374902095,high,medium,masters,0
76.91506397106812,80.7290317834733,15.595705204067333,high,none,high_school,0
79.98242956415463,81.45062470786604,10.234300592686731,high,high,high_school,1
94.15402117702074,90.45425181047763,15.934878418821512,high,medium,high_school,1
88.28751109659684,78.5818373853977,18.817757449460228,high,low,masters,1
79.70239796232961,71.11436781268945,16.37401272781589,high,high,masters,0
90.13267433113356,72.05475226372532,31.619740275765963,low,none,high_school,0
85.9707754934804,73.92598110878905,22.61395811681856,high,high,bachelors,1
94.68644990532889,74.44166645235238,22.40379487688663,high,none,high_school,1
77.97946906122648,85.9144431545547,24.977657152347216,high,high,bachelors,1
81.72337853402232,75.77918828710949,10.889335057753847,medium,none,high_school,0
81.07891846867842,85.98960115823368,28.31289429936215,low,medium,phd,1
70.36485051867882,73.78925129837127,19.393885707716322,low,low,high_school,0
87.96120277064576,76.17952785474137,25.3638449379297,low,none,high_school,0
87.6105527217989,45.026989732018386,11.425142135678756,high,high,masters,1
85.05113456642461,88.74491512053723,7.569929871871485,high,none,bachelors,1
82.65412866624852,80.19732713846989,26.54311726420023,medium,none,phd,1
70.84629257949585,89.97015164789478,23.01127620878013,low,none,bachelors,1
80.79354677234642,31.556169327094658,12.783587565139918,high,high,phd,1
81.57285483473231,100.0,13.042695349802445,low,low,high_school,1
76.9772273077838,72.9061555776724,29.003478275318155,medium,medium,masters,1
83.3871428833399,91.62274225106275,10.484704857061377,medium,low,masters,0
89.04050856814538,59.401411093117034,33.141383626047705,medium,none,bachelors,1
100.0,84.19160857593855,12.79503412281705,low,high,masters,1
86.74577812831839,59.198766552395156,25.107135404867066,high,low,bachelors,1
87.57550390722764,65.64346558956292,17.371052194008122,high,none,bachelors,0
84.25554084233833,100.0,24.825499448658746,medium,medium,phd,1
65.81228784700959,72.1397639885498,15.64708798308646,high,medium,bachelors,1
84.73486124550783,78.26149309769585,18.697656751421647,medium,medium,phd,1
85.60230209941027,88.05101596033131,20.32735340316577,low,none,masters,1
100.0,82.43522831958907,11.982500353748218,medium,high,bachelors,1
83.07639035218878,77.25628357715365,25.926594763361006,low,low,bachelors,1
88.01547342333612,80.47441503699338,15.894291468227319,medium,medium,high_school,0
84.65288230294756,100.0,18.171200677279852,high,none,bachelors,0
73.31321962380468,74.13571804449622,12.045205003131901,high,none,bachelors,1
96.4282281451502,78.01648570072452,0.0,medium,low,high_school,0
92.51933032686775,90.75981594011418,18.47177789919865,high,medium,high_school,0
92.91031947043047,91.58288899436975,39.30092337290333,high,none,masters,1
75.9061254520526,92.8054545834057,26.27683430318419,high,low,bachelors,1
99.02794310936099,84.58095333043777,19.845916962124843,low,high,masters,0
70.98148937207719,57.854926309042746,17.896873366333857,high,high,masters,1
90.8685709380027,99.50147298451644,20.179727142496372,low,high,high_school,0
100.0,57.804819104719684,24.37695292140168,medium,medium,phd,0
75.09463674869312,79.5395319785855,10.553497477529241,high,low,masters,0
79.33702270397228,63.68586224970963,28.914573557350977,high,low,phd,0
85.99651365087641,74.0379248011051,25.723050523529952,high,none,bachelors,0
79.965243458838,79.9314361545522,25.745485805663478,medium,none,high_school,0
69.49336568933867,79.8203582317541,23.507805910477817,low,none,bachelors,1
85.68562974806028,81.32881131352927,20.15693326155192,low,low,bachelors,1
74.37696286273895,99.20566903587971,25.38288988773456,high,none,high_school,1
89.73592430635182,81.8030145227097,24.734513069931026,medium,low,bachelors,1
75.80575765766197,71.33765047064027,17.16767431247181,medium,low,high_school,1
100.0,89.46130752432536,15.411185816824792,medium,high,phd,1
77.16746707663764,92.8420573338696,20.814850362095893,medium,none,bachelors,1
81.77938483794324,56.58588277294511,32.3921612119615,medium,high,high_school,1
93.1351721736967,83.96100104774787,10.087143394768793,low,medium,masters,0
72.69135683566044,85.51759113466348,8.25979787398048,low,medium,bachelors,0
87.2745993460413,70.53654744960012,21.318086729892133,low,medium,phd,1
98.07142754282428,95.6356021996743,20.407101614848145,high,low,high_school,0
68.92516765438772,72.7491661945121,21.386733314963266,medium,low,bachelors,0
86.84633858532304,76.88364680207313,21.951625583268,high,low,bachelors,1
87.59882794248423,72.40392263574195,18.21438196292156,medium,none,bachelors,1
92.81822871777311,75.23368571372201,31.91890750881666,low,high,phd,1
72.63049289121918,58.55587369657197,7.192768172187876,high,low,high_school,0
71.79543386915724,53.39923676108559,13.372023801758033,low,high,masters,1
90.21941565616898,98.91757594837458,19.17396191880762,medium,high,masters,1
87.96984673233186,62.29557977522508,6.854489510766662,medium,high,masters,0
87.50492850345877,60.129114758155396,18.59316476454343,medium,none,high_school,1
88.46448209496975,42.699148295944276,33.29176132582415,low,none,masters,1
78.1997527842151,65.41557378465747,20.167091906367695,medium,medium,phd,1
87.32253697161003,55.153653098887524,21.845607245749466,low,medium,high_school,1
87.93072473298682,99.63022740204553,9.918681878619358,high,high,bachelors,1
77.85648581973632,90.1472563401395,15.06910873568418,medium,medium,phd,1
100.0,64.67774482233415,16.998428957408503,medium,high,bachelors,1
89.73832920911788,100.0,17.45827922595013,medium,none,masters,1
73.08696502797352,89.72648230487391,30.253150360030148,high,none,phd,1
91.5655360863383,70.12752924737066,24.461528485800997,medium,none,high_school,1
75.25318329772679,37.508914276896405,11.108336344503744,low,low,phd,0
92.87084603742451,100.0,21.97203822745604,low,high,bachelors,1
96.58595579007404,54.15641299854606,23.98577398797428,medium,none,high_school,0
76.7931768164829,50.31901879564663,29.12119230817013,medium,high,phd,0
94.63376129244321,90.3385564801446,32.64432549254699,high,medium,phd,1
89.12780926936499,100.0,11.87924646537705,high,medium,phd,1
93.2206015999449,95.76409227765777,13.513139910317294,high,none,phd,0
100.0,83.4586368007854,9.93937712868307,medium,high,high_school,1
82.5461188399713,83.92131512497929,18.127841127144148,high,none,bachelors,1
77.4626383564251,87.80123338170462,23.730866995570675,high,medium,phd,1
76.10485570374476,86.38392884680148,27.898676132712815,low,none,high_school,1
76.84189715034562,79.21787135954064,19.392391810859817,high,high,bachelors,1
84.22898290585896,76.56301655927814,17.441219813961247,low,medium,phd,0
88.41151974816644,74.06110308150717,21.214063937989923,low,low,bachelors,1
87.7669079933002,63.690531166999854,13.318856786959817,high,medium,bachelors,1
93.27183249036024,70.78987384699839,36.71630977355819,low,low,high_school,0
85.13001891877907,49.605647787069216,7.1387117830555304,medium,none,bachelors,0
99.53534077157317,73.52490559807875,21.477924631165795,medium,none,high_school,1
82.35343166762044,60.17113339273624,36.18884975383712,high,high,phd,1
100.0,58.44616024176344,20.054398756479983,medium,low,bachelors,0
91.25667347765007,77.69841226730217,18.479687719988043,low,none,bachelors,0
76.42842443583717,95.880034295169,17.14043661751658,medium,low,masters,1
74.29107501938887,88.7747490900347,18.55686654590074,high,none,phd,0
89.82472415243186,51.442490945652345,30.982787797412243,high,medium,phd,1
82.7653721467415,60.15557795144494,2.3051047093639454,low,none,masters,1
92.14000494092092,89.11156781982324,32.267469610370604,high,high,masters,1
89.73237624573545,60.26268909692536,8.60834278039884,medium,medium,high_school,1
84.27171087343127,71.63050275004463,17.86678136612468,high,high,high_school,0
76.53206281931595,83.25078148536828,16.566044637610705,low,medium,bachelors,1
69.85152775314135,60.47483317704547,24.708426158165757,high,low,bachelors,1
80.53485047932979,76.5806325921894,7.215005184930019,medium,high,bachelors,1
93.56398794323472,54.989617576226934,23.697381328655542,low,none,bachelors,1
87.14093744130204,65.9794853407318,36.194476986294816,medium,low,high_school,1
72.54261221288012,79.79672901213806,9.094607963257516,low,none,phd,0
86.73180925851182,51.105093997024966,21.517649340883164,high,medium,bachelors,1
88.85317379728836,81.60712106940599,14.704142577627128,low,medium,phd,0
76.16142563798867,74.70543301609978,23.407097649544287,low,none,bachelors,1
86.53725105945527,83.28734931625722,20.153182219326016,high,none,masters,1
85.58208718446,78.35871201096992,14.868104727645523,medium,low,bachelors,0
73.57029702169376,95.46210644960766,23.902978278968593,high,none,bachelors,1
88.57787360348283,76.87836753971861,34.43478487829395,low,high,bachelors,1
90.60784526368235,68.5589168831212,18.47276966618161,high,high,high_school,0
95.83051243175277,76.83446254548426,25.758063537185457,low,none,masters,1
95.53802052034902,83.14947043554582,9.65381633703069,high,high,bachelors,1
71.22330632042909,75.73290105488556,12.34850898545593,high,none,bachelors,1
75.62174960084877,75.60887536805824,23.779250223043018,medium,low,phd,1
90.1503526720866,64.47012468289867,31.87292822828772,low,high,masters,0
90.1378595091221,65.05648623673578,22.84490679028528,medium,high,bachelors,1
90.15047686306048,53.96092092300459,17.495535755814764,low,none,phd,0
100.0,100.0,19.99433124338683,high,high,phd,1
90.70890510693167,56.34205146913072,9.99673812824226,low,medium,high_school,1
96.35565640180599,64.60642203306139,24.836122610842935,medium,low,phd,1
94.54001763493203,64.22389101646203,27.058664498587273,medium,low,bachelors,1
91.51391251305797,88.42386565416662,16.383277337335358,medium,high,high_school,1
81.84730755359655,70.57575482561958,16.23966281792399,low,high,high_school,1
92.58969220493267,93.716131090106,22.127025837216387,medium,medium,bachelors,0
77.27174785462428,64.89764063634198,16.506242111675235,medium,medium,masters,0
82.63181393259991,79.18491243335703,19.47093908299342,medium,high,phd,1
80.14636452170896,62.46979420110364,36.79777431333213,high,high,high_school,1
85.81874139386322,100.0,18.023794394032027,high,medium,masters,1
100.0,57.18602371455731,17.13327878383022,low,none,bachelors,1
66.32734807408252,79.64731065340541,14.819665554918727,low,medium,phd,0
91.86260190374513,84.50665321398148,25.953535771999494,medium,none,phd,1
68.87284128810349,81.20698646177247,18.550206614255178,high,low,high_school,1
80.28068134210567,72.22068511683437,14.805015693428592,medium,low,phd,0
95.88950596967366,73.05268950399861,30.5704322581841,medium,medium,phd,1
85.64280019095463,75.65717207968665,31.356824036109096,high,none,phd,0
74.22255222070694,72.79496997557267,15.196611474090359,high,medium,phd,0
77.84696290740033,89.45818675192365,5.06768038911507,high,medium,bachelors,1
91.79597748934675,100.0,28.060109518695377,low,none,masters,1
77.69633368282864,66.6376232248825,14.522961393919967,low,medium,bachelors,0
87.16458589581976,54.45295530631383,26.32500479330215,medium,low,bachelors,0
85.45571839903813,73.67576927473118,4.239169458305316,low,high,high_school,1
78.48399652394183,100.0,27.140778706394475,high,high,phd,1
100.0,62.944881480454036,10.31062456575375,high,medium,bachelors,1
91.33919022318011,99.58675208166102,25.846112952532195,low,none,phd,1
64.74857413342393,100.0,20.114184542691472,medium,none,bachelors,0
86.86454314769428,66.69617637438009,12.368484644826841,medium,low,bachelors,1
78.38213535231613,83.53474618777913,16.743709496585755,low,none,high_school,0
93.52433334796224,99.42594934692806,25.490547655653607,medium,none,masters,1
77.07479261567299,69.3130838851877,20.847155624921875,medium,low,masters,1
83.85263558533102,71.94629459846458,24.675303843779872,medium,medium,bachelors,1
90.04987278980457,66.27478629077035,35.81152467612388,high,high,high_school,1
93.65755194170121,59.778649039607,7.486067106311589,high,low,phd,0
72.99703592944223,65.26083682400989,32.93770059974899,low,medium,phd,1
81.65498764159051,56.64089599856615,20.834847500185703,high,low,bachelors,1
80.25054688839043,75.51125202388839,12.809727613414974,medium,medium,masters,1
78.46670767426288,63.450401534120374,9.357490994088081,high,low,high_school,1
100.0,78.50678867686122,18.487036873783733,low,medium,masters,0
89.04981710960955,51.66156530694559,27.373200895395676,high,low,phd,1
72.39116045664954,79.96320348321686,18.979607036979726,medium,medium,masters,1
94.17861947054776,87.50293442413387,32.089239441978776,medium,low,phd,1
100.0,45.09396536142817,8.390594479587529,low,high,high_school,1
95.32465260551147,80.61084854771359,19.903288417231565,high,high,high_school,1
69.80630034045987,93.41503488709938,9.980852444695048,high,none,bachelors,1
80.15765927133748,56.855384719631914,22.909055060999744,high,medium,bachelors,1
97.66911149186623,100.0,27.095099120778404,medium,low,masters,1
77.92330534381219,81.28528514049067,16.633905650551576,low,medium,high_school,0
89.43819428146229,64.42482216362387,0.0,high,high,high_school,1
92.74634053429337,74.16346383513441,21.591585174371957,medium,medium,bachelors,1
75.73069528421917,83.37490368782584,23.493908413868077,medium,low,phd,1
84.404746439382,76.14008087118617,23.234358039693582,medium,medium,masters,1
52.58732659930927,83.08133988669553,29.886257534577233,high,low,masters,1
74.7561235866571,61.1898961038095,11.43157056280761,high,high,bachelors,1
82.4743184860684,77.54041236054117,25.441728843603595,high,high,high_school,1
72.5221681803515,53.79428254642529,29.540060099823798,high,high,bachelors,1
100.0,73.33160907976949,5.771299327947865,high,none,bachelors,1
70.69858622039368,61.44138537802815,22.557214607351817,high,high,bachelors,1
80.59955513303017,63.9670508611535,15.966561351938628,high,medium,bachelors,1
86.30740577286092,93.54139762815656,19.34781861518683,high,none,phd,1
99.41273289066116,91.36965180891403,22.78141186830669,high,high,phd,1
70.6413784882056,84.13707181360766,16.10217148709158,medium,medium,high_school,1
96.63163752154959,58.61530852991132,14.594335366707107,high,medium,bachelors,1
85.10233061019586,70.25387325457797,20.273219339904198,low,medium,phd,1
75.18491348952048,93.19646549968775,11.302032489097579,medium,low,high_school,1
89.6210347426327,77.12575370459857,11.313398968918516,high,none,bachelors,1
86.9905969557347,100.0,25.43498626365203,low,medium,masters,1
78.99783122841205,80.89976759091557,10.809647718730751,high,low,phd,1
85.69802084990019,77.88073674735047,25.330500007273695,low,high,high_school,1
81.14686403138239,70.36325303696248,23.70073034283161,low,medium,masters,1
86.13517345251248,77.00311357173423,6.193546169675226,low,low,bachelors,1
91.62130674521046,72.71295245429184,14.57948278131476,low,medium,bachelors,0
100.0,85.62163015032885,29.55287522437898,medium,none,bachelors,1
72.62184501173151,89.35053475191876,12.150675750882547,medium,none,phd,1
100.0,63.21015809238076,16.2847659015249,low,high,high_school,0
65.47912200477498,55.03150569663333,23.696487146015173,high,medium,masters,0
83.48214904964416,47.456919403450556,26.267124074260764,low,low,high_school,1
90.88317206484577,82.61986990368815,17.987688911644035,medium,high,phd,1
87.80991867735032,58.449500907391894,15.219918442466867,high,medium,high_school,1
78.77300480179406,42.706641105712755,31.378958893588063,medium,high,phd,1
82.91877749642725,80.82867906796446,33.91119731038063,medium,low,bachelors,1
80.06999065341168,100.0,27.830864406254364,high,high,masters,1
79.10635243055789,74.9089363269016,20.682545140520194,low,high,bachelors,1
93.49602097021025,87.57736161677462,13.53387422687259,low,high,high_school,0
88.57015485965047,76.22744037821347,13.356444747547478,low,medium,bachelors,0
78.07090404739346,73.51665520213287,24.18011284212606,low,low,masters,1
93.9959987543325,88.78614724481653,23.34718576710947,high,none,bachelors,1
88.07299520876609,70.64588183717024,31.212788743571437,high,medium,masters,1
93.1286211883896,79.01088471107855,25.20360074028911,high,none,masters,0
91.29628841923612,79.8254670929402,7.975357585921456,medium,none,bachelors,1
76.71004989077927,64.97864319535427,28.415580941783347,high,medium,phd,1
79.3981895980303,89.88063524304785,12.015514981484696,low,medium,high_school,1
92.47293605123262,72.37560364956887,16.928229824381187,medium,low,phd,1
91.10370265433465,63.66382260760733,22.001601650013555,low,low,phd,1
84.79098406035853,83.04764765355606,35.96533991827172,low,high,bachelors,1
86.17327383308782,61.52298027313444,44.87934844804289,high,none,high_school,1
97.77664895788425,75.42271736053692,24.853784473089462,high,low,high_school,1
79.0842861116417,74.86321505033695,18.534427050236896,low,high,phd,1
90.47097381170038,91.28843348747367,24.276045187844403,low,low,bachelors,1
82.97807347566106,82.12047349319928,27.10124340699069,medium,medium,high_school,0
82.82318796772779,74.62459561882284,17.434658995542467,high,low,phd,0
95.9877685198719,87.26649448800431,34.361690847298576,medium,none,high_school,0
93.2541634898803,95.8531132352597,21.840566073531217,medium,low,bachelors,0
93.13509636000639,83.36715459527794,23.981944712731153,medium,none,bachelors,1
98.05478807154329,75.15528929765071,25.32739401643569,low,medium,bachelors,1
85.21003841632759,55.32245651474761,23.372692884915644,medium,none,high_school,1
91.81952971294965,59.02329505386941,26.7115240037569,medium,low,masters,0
81.89733243406543,70.42162943467999,15.061974507624615,low,high,high_school,1
88.24166352488442,65.85731696761076,15.533585968431755,high,medium,masters,1
83.69856945632316,72.19543045521831,11.19876613622644,high,low,bachelors,0
85.96995964992718,75.8497488734566,23.51600984496181,medium,medium,phd,1
90.95157025436913,82.94539131535096,26.231492028096913,low,medium,masters,1
76.81779316766527,73.94251832911362,23.662182929215085,high,low,bachelors,1
100.0,82.29752465739303,33.3959394667803,medium,low,bachelors,1
74.93982618500299,75.9671162221518,19.955231849367628,medium,high,masters,1
72.85811387212269,45.36800150469193,25.3499332447401,low,medium,phd,0
96.58110873500068,60.90996909271868,11.266392990885485,medium,medium,bachelors,1
92.91662693962935,72.83868666417577,16.903202380204792,high,low,masters,0
91.24119817052156,56.85457885738339,25.56430206052622,low,none,phd,1
91.2834550926428,83.99893094994307,26.79281688594515,high,low,phd,1
84.87753227153085,97.96126248515546,17.64826441868654,high,medium,bachelors,1
76.02745628514168,93.28142777545975,19.427205985135465,high,low,high_school,1
85.75804558193727,71.79835693604689,7.8570100265535245,medium,high,high_school,1
78.22838288487888,97.36089205274928,17.143766393547125,medium,none,bachelors,0
94.7511973341775,77.23001185803167,27.12306530815829,high,low,phd,1
83.52942618497862,69.94371043322941,24.60164012885253,high,high,bachelors,1
76.74502803207488,65.79896004688591,24.005325771049677,low,medium,masters,1
81.78614158347007,70.46295470267808,20.39818949744768,low,low,high_school,1
89.12931454275625,69.17734772188157,20.05650526902541,medium,medium,masters,1
79.36275447196026,77.55624333563232,14.717430884212423,medium,high,bachelors,1
76.77779604433569,77.40860971574797,25.590627361620278,low,medium,bachelors,0
87.43687211491913,75.04569030230121,23.367783555115118,high,high,phd,0
87.44966571108722,81.55407254619524,23.936150783942395,medium,high,phd,1
79.9305682462887,92.85969412179512,15.791721258659358,high,high,phd,1
80.28961694381677,89.24331203161985,2.773256641030045,low,low,masters,1
87.32049937357637,52.726530473251444,28.777221694029564,medium,medium,phd,1
70.51915658502676,36.69118297647068,16.169300351932765,medium,medium,bachelors,0
70.92536225623445,89.01479866858911,13.097793887655035,low,none,phd,0
77.81555778747564,54.49681952376868,25.54783129531195,medium,none,high_school,0
82.86552848288153,71.62851897160975,16.863898880646964,low,none,phd,1
88.10907565598005,57.448304609109606,28.479491072372973,medium,none,masters,1
99.75356216949552,47.970293436299706,24.93604759661358,low,medium,high_school,1
93.5765962320202,83.12194092307182,25.46855458560382,medium,high,high_school,1
83.40061470036574,86.3873274045397,9.072354310395726,high,high,high_school,1
84.80983792097311,66.35234398909921,29.695551883091206,high,low,masters,0
74.97470635362191,36.134365617826354,22.090004249870848,high,high,bachelors,1
84.8148686400761,66.80633327621275,17.045782886030374,medium,medium,phd,0
82.11341361079862,80.8770600810382,21.147107738738008,medium,medium,high_school,1
88.22718560338089,52.81632646838807,5.79011813681344,high,medium,high_school,1
76.72769056447677,77.75039879668734,23.269222491845365,high,low,high_school,1
90.19346514241172,74.77035226240507,11.765027934543427,low,none,bachelors,1
100.0,83.68937249401633,9.178637713251725,low,high,bachelors,1
83.91239851543142,76.79370552621229,7.821126510256871,low,medium,masters,0
89.01711722098942,60.40396588677667,28.901506999919402,high,medium,bachelors,0
91.90143991711112,92.94857252496737,14.96589285045769,high,none,phd,1
80.98779528114164,72.62205640459545,32.269821679332,high,medium,masters,1
87.24092481810416,74.59043190735102,15.713588295581618,low,high,masters,0
85.12592400781794,61.00098061390206,6.341136339256426,medium,low,phd,0
85.97676098548831,68.35076623212734,11.067804480410727,high,medium,phd,0
77.26990216144533,61.727959289596484,29.88649296005551,medium,high,phd,1
85.24510174258943,72.40580910114866,18.75281457650666,medium,medium,masters,0
89.9799829124545,100.0,15.613701628075193,medium,none,masters,1
99.51143607795042,54.421482856029655,21.2801458068223,low,medium,masters,1
94.59270826085206,50.79657903184888,24.01426188934036,medium,medium,phd,1
100.0,97.06755491240412,28.939190527219687,high,low,phd,1
77.3265243711195,71.86014484272201,31.587993839143408,low,none,high_school,1
93.72320636720679,64.96390892010125,17.121850833687315,high,none,bachelors,1
86.83342005738352,90.59857031094114,9.391618511343694,high,low,high_school,1
100.0,65.91576690394703,16.692278711013792,low,medium,phd,1
76.91701714644849,100.0,22.08224405266309,high,high,masters,1
76.60278157819224,85.16888807008904,12.289928590315114,high,none,phd,0
79.00607354555977,67.68132887781447,12.342792680839658,low,none,bachelors,0
63.76104275690193,100.0,22.750303052399083,high,medium,high_school,1
79.74244978319238,65.91427615494993,19.61078118743639,medium,medium,high_school,0
77.40867338446301,86.13143058013961,20.26237596329269,high,none,masters,1
86.50393786476208,79.48938870609737,13.932037322399445,medium,medium,high_school,1
88.4175597577716,94.52611934098198,18.15679428635386,high,high,high_school,1
100.0,98.42266795090279,12.606134845853564,low,none,phd,1
94.5042383818605,75.4800622359865,27.121587288998295,low,high,high_school,0
79.23096344337597,63.69873194480725,28.28199467779002,high,high,high_school,1
76.01585328651642,81.89958214408675,5.230497102095249,low,medium,high_school,1
89.91919171506505,64.8342694537184,12.56391311846072,high,high,masters,1
71.79766792979358,100.0,8.027765959279368,low,medium,masters,1
100.0,77.04802996624106,14.799808524744815,medium,low,phd,0
96.79440120721287,69.52017673031837,19.332496241677113,high,medium,high_school,1
80.30824347895295,77.77020458797362,8.40283824241176,medium,high,masters,1
67.86865470909123,54.793105657054554,12.625121494997494,medium,low,masters,0
98.53872374165412,60.42578942234023,11.968341023348012,high,medium,phd,1
83.85460154747382,93.00620861916639,21.658138635191552,medium,high,bachelors,0
97.37816311973462,65.14658581542906,20.554754696290004,high,none,high_school,1
69.05572341205632,59.296335259770906,14.226099573301973,medium,none,masters,1
79.00624977046228,83.04979128790929,21.414566977115182,high,medium,phd,1
85.05243699718183,92.78556231994496,15.626559323301876,high,medium,phd,1
85.46980593764742,85.784299659976,17.826759117391575,low,none,phd,1
80.49934528520757,89.94071528708724,33.387616722388294,high,high,masters,1
91.22849932347499,63.64807367145809,30.723688414322783,high,high,high_school,1
74.32379570617405,53.67283999887235,9.603350104579219,medium,high,bachelors,0
83.57620514978707,97.5200047793323,26.637859343033398,high,medium,high_school,1
86.20295631711899,70.15980241736797,26.491172435932736,low,low,phd,1
90.14438834058748,71.23750475317429,10.813893689979054,medium,low,phd,1
92.11614878088889,94.92291212773587,26.550221150038887,medium,low,bachelors,1
73.75357908162131,83.3434501410099,32.30345534730042,low,low,high_school,1
69.65885829264377,81.83831658122412,11.019641550044689,medium,low,phd,0
97.7767682189851,100.0,12.659977431885892,medium,medium,phd,1
88.32314011979592,65.34722654429785,28.14129173474802,medium,medium,high_school,1
77.51513463443446,88.91760192121856,22.171962486605185,medium,low,phd,1
100.0,75.85519687345626,24.411810201916186,low,medium,high_school,1
86.15674634292859,79.02888418294886,22.724713731203973,low,medium,phd,1
96.79297184063826,97.92702639618798,23.125567367425152,medium,low,high_school,0
85.67518481410109,82.61753634434436,9.388222973511336,medium,high,bachelors,0
100.0,83.07444118574449,28.378541652971585,low,medium,phd,1
100.0,91.08761005964703,29.356719939422188,low,high,bachelors,1
82.51035851520926,69.52570905685673,18.16487404745578,low,medium,phd,0
94.71570950954356,62.4118549899149,19.6521844014891,medium,medium,phd,1
91.45375949585147,59.327862089684494,7.751139979554223,medium,low,masters,1
98.68631557532349,45.50465115935997,24.114038048142678,high,medium,high_school,1
75.35076539419896,100.0,24.57645953371315,low,none,bachelors,1
91.8605145999844,58.451874514174754,19.50247186400551,medium,none,bachelors,0
95.58424486849587,71.68119564621342,28.99482687896402,low,low,bachelors,1
67.41260513576886,70.84780050166619,17.327382152160475,medium,high,high_school,1
73.16741487334225,79.61110046713651,24.516847407148802,low,high,masters,0
64.60767822239899,87.23605818808946,11.842685290463075,medium,high,bachelors,1
82.30593165555442,87.90710232539618,19.811582793006096,high,none,high_school,0
92.17542255795962,66.25383842146593,18.605165936777315,high,high,phd,1
100.0,72.49317429320382,21.802463376327534,low,high,bachelors,1
85.74094780419775,79.2386992573245,17.04378456933313,medium,low,bachelors,0
100.0,71.26963310724679,18.948219234626656,medium,high,masters,1
71.19898541785109,99.1101836402999,26.60837737153205,low,none,bachelors,1
67.96617560644845,82.36462427457377,16.50588610209426,medium,none,bachelors,1
84.44452301103381,86.02316679074727,7.147383194090565,low,none,phd,1
88.84065448939307,84.94321903001119,33.99667123364337,medium,low,high_school,1
84.67305251905907,92.60210786227987,31.051632629523894,low,low,high_school,0
64.32557899960123,77.7153233805556,9.66189843915505,medium,medium,masters,0
84.10879960487212,55.5475207806623,25.517662441961555,low,high,phd,0
71.95530499495146,80.99531927628962,15.976201835589254,medium,low,high_school,1
91.69672548830039,65.22964659312257,22.107897722648477,high,none,phd,1
88.66598246096848,67.07074977375365,22.35379303210795,medium,none,high_school,1
75.60120213672644,83.7954602813264,18.124737597469423,low,low,phd,0
79.86133082663306,93.57424607150453,13.729874675308828,high,low,masters,1
74.40786478111049,75.31907365104092,14.475671581469925,medium,low,bachelors,1
84.37320902726829,79.63249518898445,12.670464676150061,high,medium,masters,1
94.55142320501238,100.0,13.345422334156442,medium,none,high_school,1
75.14273953664457,78.61129769232852,19.462573679605157,high,medium,masters,1
90.04046515517844,100.0,14.273920087113986,low,medium,bachelors,0
79.69742381627559,83.48264468447316,25.45641652570096,medium,high,masters,0
77.07127167737656,48.58855861266274,31.897969242687417,medium,none,high_school,1
83.92969640045442,86.30012431656799,15.359574069039656,low,none,high_school,1
74.64757677580626,80.71737577324167,21.915236004283017,high,low,masters,0
79.46350694652818,94.34629131124119,23.99748088242347,low,low,bachelors,1
73.02122107411151,85.09772026904938,23.776018167354195,low,high,masters,1
100.0,72.92316024024339,20.6076421433287,high,medium,bachelors,1
85.35263551971728,56.635526455659516,25.941459346877778,low,low,phd,1
78.00274492007415,71.86465114070963,23.857991621445258,medium,low,bachelors,1
87.13979910734221,62.2421931868605,10.098700621381617,medium,none,phd,1
83.8767195030917,66.29214825292917,26.953248515114186,medium,none,masters,1
82.79030400466777,83.82867606630914,27.09832669813394,low,low,bachelors,1
91.14166700043425,100.0,13.893711166571347,medium,none,phd,0
92.57507710047305,80.92007294734472,20.303502683580817,medium,high,phd,0
79.69498852389472,57.06175406947224,25.466631942488554,medium,low,phd,0
79.2418175935532,81.66904002330212,18.325489443365107,medium,none,high_school,1
82.24948302848355,92.94947229968477,28.583824382128093,medium,high,masters,1
61.980788352644154,65.85325643520926,38.91097995695489,medium,none,phd,1
69.84808937801448,72.98974249990623,13.712111738920141,low,none,bachelors,0
98.66874267444524,75.22032292093796,8.951643174769801,medium,none,phd,1
100.0,63.2265253037664,22.430548764839006,medium,low,high_school,1
82.50963960443622,84.72420650765788,25.77250004100915,high,medium,masters,1
90.76556963055766,73.18577777088328,18.153069009241847,low,none,high_school,1
88.11250154543536,81.29298665860541,31.626085306568275,low,high,high_school,1
100.0,61.6876173329685,9.29115360221401,low,low,high_school,0
96.19574911434577,68.43812549514884,25.543348984252887,low,low,bachelors,0
83.72082408519233,85.83572036741657,15.153113433928853,medium,high,masters,1
75.44459559399574,69.40750271862349,33.75502324965837,medium,none,masters,0
68.93553679742428,100.0,35.94012282534494,high,medium,bachelors,1
87.03463635867223,69.00545721578096,13.866747297733216,high,none,masters,0
77.43649254715697,78.37027088627829,15.60354291273136,low,high,high_school,1
70.77746290402325,88.98886247809635,26.876703095838415,high,low,masters,1
78.53427115757474,53.724514006004526,16.902954801683883,high,medium,bachelors,1
74.18451996385605,48.587867820288366,19.636710256542095,low,low,high_school,0
100.0,52.11515528144858,20.20310736433928,low,high,bachelors,1
93.81639756949451,93.93876155140774,4.642614750418749,high,none,phd,1
84.92027358683383,66.72212781161329,19.889298031246103,medium,medium,high_school,1
99.79944138890026,100.0,14.48217780748661,high,low,high_school,0
85.77368307647619,66.53628602013917,16.055017420801825,high,low,masters,1
76.38715798671737,77.76826954795555,31.549056027750513,medium,low,high_school,1
100.0,98.13164928851813,9.94794484576595,medium,none,bachelors,1
90.38910043684659,100.0,26.505641493983816,low,medium,masters,1
74.62753845673544,100.0,17.768296557345533,low,none,phd,1
83.09661321916391,93.12549345889714,17.761918652033323,high,none,bachelors,1
76.24381746615242,90.36093788717193,26.32297516841369,medium,none,phd,1
71.17200269035663,83.88790423801774,22.720410356551124,low,high,phd,1
94.26177547531641,86.67541614249957,24.56490397775625,high,high,phd,1
100.0,66.732214255072,27.74547728426289,medium,high,high_school,1
71.01432426180858,62.72701674866539,17.349532934533418,high,medium,bachelors,1
90.62969236690572,74.94938313883571,15.102106123937997,low,none,bachelors,0
78.49357430878173,72.44723066212607,11.318795787537615,low,none,high_school,1
80.12874616235304,68.20157926009087,13.396715760168359,medium,high,masters,0
79.07606075761132,85.44581171185072,43.592755402469805,high,none,phd,1
76.36009230320184,89.32957812855766,29.957436645894294,medium,none,bachelors,1
85.48521627944827,76.32610329437772,9.19140507033583,low,low,high_school,1
76.69049883588963,97.16295121582893,9.420336346051439,low,none,phd,0
87.70456825779839,57.87466328799742,23.85492849374793,high,low,masters,1
84.49761890550863,72.09510811080423,24.378118379023736,high,none,masters,1
82.6105195313359,64.24766519095793,24.391070682538917,high,medium,phd,0
75.92436337958402,47.0019507439041,17.96035365157042,medium,high,masters,1
79.23228669431667,73.7597897123595,18.9963659199768,high,low,bachelors,1
92.55391225825755,73.17378737425075,22.62303619327486,high,high,bachelors,1
90.00917187624381,97.70174614863197,20.687144050346642,low,low,bachelors,1
75.22444755201448,84.46217526832166,2.245597018019719,low,low,masters,1
85.99332305429226,59.63719763506192,18.16160295539845,high,low,bachelors,1
92.5138712337179,100.0,13.188748525917491,high,medium,high_school,1
68.30594718878629,93.31550543288029,21.401691351268095,low,none,bachelors,1
90.43360192379934,83.73146555202923,43.88207202082728,high,low,bachelors,0
78.37376241054153,71.60273851725252,22.939853323794434,medium,medium,masters,0
90.70598668593159,60.6084114491478,17.491762510620816,medium,low,bachelors,0
77.36740843457483,69.4168983589342,27.374412015818017,medium,none,phd,0
66.9511789933548,91.33122929556279,23.8615030976737,high,low,high_school,1
68.72457562116837,100.0,23.36075592361473,low,medium,masters,1
85.48084946661382,98.14865292408284,24.854804745725367,high,none,high_school,1
87.59722501721483,67.6672586732059,36.45234851863633,high,medium,phd,1
75.95683374895592,58.205738500664836,10.952892517392675,low,none,masters,1
91.38592458777374,77.11329370366806,23.789056614491635,low,none,masters,0
68.3847993773104,48.473409516557226,12.588950960147692,low,high,bachelors,0
84.33920201352683,79.84751571277172,24.444101170737987,medium,high,high_school,0
72.88983800237543,72.78596120551997,12.650507908111244,high,high,phd,1
78.4816389219784,68.00945247197636,16.661065491159324,low,none,phd,0
85.47398671316414,51.07945399099807,17.63928068609675,high,low,masters,1
76.39586634716048,82.70400159854574,27.806533754757673,medium,medium,bachelors,1
81.15444455770175,67.00948740507133,27.347635551539312,medium,medium,masters,0
95.0629280921444,57.451247464345684,10.034260988428924,low,medium,masters,1
79.23108130476851,31.916066800775262,20.43947288799879,low,high,masters,1
93.35692112065142,74.58727642424046,14.32336116200662,high,none,masters,1
73.70293145342382,100.0,9.931960714597324,low,high,phd,1
90.29804177915283,99.91888821821806,18.263863596605038,high,low,phd,1
99.41568620657901,68.14355615120593,17.53213769235344,low,none,masters,0
60.283554998727105,65.9668190945733,39.41373189076418,high,medium,masters,1
77.03104744529523,82.03161384112536,23.46367860288557,high,high,bachelors,1
90.7707212718054,60.02421841217563,8.979059993966102,high,high,masters,0
82.96954613957007,79.52687849729199,15.481807966632463,high,low,phd,1
88.71145873371309,86.49120417577035,28.171066363435187,medium,low,high_school,1
78.9601481328418,93.40399835826462,36.7075421829594,high,high,phd,1
85.865897874729,73.4976888528007,7.312133502096334,low,low,bachelors,1
83.44322764607921,71.94489374734552,4.96060491888764,medium,medium,phd,1
96.67782061659807,61.830261198651584,34.967721402974256,medium,low,high_school,1
87.54420843301213,62.5967946894021,23.11691341896723,high,low,masters,0
88.37602662075201,71.6028166214771,13.053658144989068,medium,high,high_school,0
80.88123033877532,80.51048260224267,24.27703268897948,high,high,masters,1
80.12393775927507,88.70376939349875,0.0,low,none,masters,1
80.6744181218038,62.95231573979483,20.027004052777286,high,none,phd,1
88.94452142378297,97.39032853439282,22.622569382744683,medium,high,phd,1
80.79015519179737,70.93314598436147,27.394161116302637,low,low,phd,1
87.89774856896413,74.67949058477346,11.888832381659698,high,low,bachelors,1
100.0,63.79182481278265,20.685497291226874,low,none,phd,0
93.71124703431693,38.63639609590587,12.596602991523302,low,none,bachelors,0
81.73976467832159,88.26068094541574,22.043070045394536,medium,none,phd,1
97.01213922163944,86.0526584563865,12.837229421095806,low,medium,masters,1
80.91924626978448,70.7800866432268,16.735193286718236,medium,medium,bachelors,1
64.61875464822145,76.00486075837308,12.033476841678167,low,none,high_school,1
74.91913689082595,82.73908826556149,25.209089934589258,high,low,bachelors,0
66.29208078974145,51.56181214670186,26.867608933253322,low,none,bachelors,0
81.48486515958692,67.06420983980559,18.12303544034069,high,medium,high_school,1
85.18418379189552,86.9139701943274,20.305903959680226,high,low,bachelors,1
100.0,56.18565865246126,8.411268682931647,low,medium,masters,1
88.26927373764163,79.40336898249944,17.602586815945703,high,low,phd,1
82.80899471191135,54.65127293064893,19.598363063666042,low,medium,high_school,1
93.2940558118349,81.9964497365029,40.966344728239804,low,low,phd,1
62.88864690992115,74.46537776553775,11.104263793806691,high,low,masters,1
87.35614558108566,50.77302276141736,31.7134179100195,high,low,high_school,0
92.70865193886966,92.47109031685757,27.974870187726463,medium,low,phd,1
70.21413754220158,63.981126348029264,22.24509123592109,high,high,phd,1
96.43754043206928,62.84621344478428,34.06896387356107,medium,medium,masters,1
88.38496407494414,78.00853795846415,22.976843780854903,high,medium,phd,1
80.84712086099199,92.22956024143073,23.11327356534343,low,high,masters,1
91.32781866106285,59.762672715324044,19.57503477585964,high,low,bachelors,1
100.0,75.92519774771958,29.788551059349018,low,low,masters,1
86.81866255058495,81.4322475049586,28.771753870487068,low,medium,bachelors,1
87.48220586300336,85.39658410894717,14.9945817000303,low,high,high_school,0
80.40639100459757,77.64662332915837,9.446022443209861,medium,low,phd,1
76.50155630535208,69.49458241375017,18.37615490083474,high,low,masters,0
93.30335816544246,62.5861466902692,13.599691484818829,low,low,masters,1
76.43916174091133,76.29215824569562,19.49180340307716,low,none,phd,1
85.71566237219392,58.9179148202159,29.899505077473115,medium,high,phd,1
80.22342553234883,31.17974274758089,16.34158675930568,high,low,high_school,0
89.78979825746391,81.54839706236501,19.6574129495074,high,none,high_school,0
88.33662105286949,88.55902261629294,20.464181878467162,medium,high,masters,1
95.375399442579,39.55601346687242,26.787447057642275,medium,low,high_school,0
79.89983601145254,59.854039429350934,2.0248853281231582,high,medium,bachelors,0
82.30125064706628,84.28731391507796,15.146397641877627,medium,none,high_school,1
75.21236284217693,100.0,21.690269538235782,high,none,high_school,1
80.55706739923889,75.31190561513112,29.60063165141489,high,low,masters,1
88.77300493044852,64.07995588156298,16.06478041995036,low,low,bachelors,0
92.56988616645351,72.2565533834274,4.987578351665007,low,none,high_school,0
75.77834675822375,95.62314628722277,24.95769156772909,high,medium,bachelors,1
93.6960592010566,65.31053731313197,14.917100889394966,high,medium,bachelors,0
98.55637858804951,63.0121199002462,10.48266672727711,high,high,bachelors,1
89.13434903223701,67.75884716726951,15.005236882294207,high,low,phd,1
100.0,60.70007087611931,18.523797138753203,high,medium,phd,1
77.26210800896428,76.84005473992194,15.162042683694299,high,high,phd,1
72.55345296688583,99.3701768770434,2.3554715432074467,medium,medium,phd,0
67.21279751095722,79.84618909674043,27.176529575097057,high,low,masters,1
99.96044311489183,71.21469746810568,30.19900033022978,medium,high,high_school,1
91.54365656354058,70.62283096626683,25.212175930716047,medium,high,phd,1
84.44415329089544,51.552137869550144,10.898514636601467,high,high,masters,0
87.7996862631982,88.24664665720738,18.388067728419855,high,medium,high_school,1
73.74510952701624,73.83244204480798,19.947829478164337,medium,low,phd,1
100.0,72.29280129614061,24.79035511649528,medium,high,high_school,1
86.29221181975228,100.0,25.346723909744647,high,none,phd,1
86.09394794604893,79.48129362548529,14.126609609772034,high,low,masters,1
92.25766623898691,63.72313424857224,20.655964451308485,medium,none,bachelors,0
89.81009231736714,68.60463605691685,23.65824323692193,medium,none,bachelors,1
87.23884024279131,92.22668563795132,31.646578577174132,medium,high,high_school,1
77.09525544554688,76.69905615806647,25.636052318597784,low,high,masters,1
89.71468357135996,53.4258303252395,26.31245349900415,medium,medium,bachelors,1
100.0,88.78843401862805,20.67061302343489,low,medium,phd,1
98.45420046154977,64.97783871691509,31.28367316162803,high,medium,bachelors,1
100.0,100.0,23.278102367675977,high,low,high_school,0
79.88784323568815,91.20072098571973,13.111296718611436,medium,medium,high_school,0
75.1039517974142,68.29017156511873,31.226959761001524,high,none,masters,1
83.74213079900352,94.2152454260267,25.58322618031222,high,medium,high_school,1
85.55724912288694,76.01783265791104,16.45564783097214,high,high,bachelors,0
95.94191518470949,87.79160512683329,16.164056260806053,high,medium,bachelors,1
68.0753537028518,82.27099225941713,22.372604361126093,low,low,bachelors,1
100.0,62.3046501751369,23.705478362140678,low,low,bachelors,0
83.4199210142101,65.34675251523807,21.57833812504965,medium,none,masters,1
80.7311893005258,90.44941226371742,22.49046938754308,medium,low,phd,1
74.87895624739832,69.97837001840189,33.59965899661104,medium,medium,phd,1
68.4514332813423,68.94527305137005,28.572345217879086,high,high,masters,1
93.23170583961914,60.673161309759706,21.525084730120195,high,low,high_school,1
85.73317967188405,81.35398598390192,27.53048464613987,low,none,phd,1
72.10039100258946,100.0,11.739808771779684,low,medium,high_school,1
72.04921227936384,58.9870062861859,23.183416399574472,medium,none,phd,1
81.64215300709871,75.36329185009137,34.47445079786488,low,low,high_school,1
100.0,96.18330833123144,18.25563283686101,low,low,masters,1
82.40408648636395,73.80537913131427,13.218928571047321,low,none,bachelors,1
69.96857046881894,81.78557694374601,14.783288891255514,low,medium,high_school,1
82.54256935914056,59.0640970777968,11.282935701260893,low,low,bachelors,1
82.2727643025233,81.42460645811472,13.721904734978374,medium,high,high_school,0
58.03113357058429,72.19283602493176,17.035935211279767,medium,low,high_school,1
84.45705133482188,89.78594993519795,8.755463846570864,low,medium,high_school,1
82.69065469791322,92.81079077347127,20.124946671596824,medium,low,high_school,1
91.96206364813418,100.0,27.218217390293177,high,none,high_school,1
100.0,83.69449759820364,12.737950558824636,low,low,bachelors,1
96.26565029547757,79.8869447487325,32.15427138913415,high,low,high_school,1
82.3111130944517,77.91576452366004,24.086336708220756,medium,medium,bachelors,1
73.9347409125833,69.70250560783967,28.24464468499246,medium,none,masters,1
100.0,80.07725765192536,14.737323569182903,high,medium,phd,0
85.59218434014488,70.56897884791456,26.836201816532927,medium,low,high_school,0
85.13929291912946,77.52691464404421,11.264528796837496,low,high,phd,1
84.75874912889996,94.7639630341194,27.12198000669207,high,low,bachelors,1
86.98084760767856,59.90186152080538,21.37471471834825,low,medium,masters,1
83.55639588076058,92.09817841693568,24.42600975987827,high,high,masters,1
79.26337993119763,94.75672601009798,10.595243155001187,medium,medium,masters,1
79.53141058759608,73.22897209513381,12.839441261787162,high,medium,phd,1
84.67246729784002,43.17217651487108,24.777825746027077,high,none,bachelors,0
79.56575228866235,65.88267019358351,12.413215966206394,low,high,high_school,1
77.87154217322836,94.45491819841664,23.705650336792985,medium,low,high_school,1
86.06430227691897,74.65697906551677,9.062897548318034,low,medium,bachelors,1
82.45022782579144,60.01046651557634,26.785393701333344,medium,low,phd,1
100.0,67.42837618157674,10.139813481851927,low,none,high_school,0
58.49030191606988,87.60930039756829,24.418399501436184,high,none,bachelors,1
95.91506851922462,83.20100352302069,25.005047469168005,low,high,high_school,0
97.4608519249763,71.41601851245458,14.425825452563402,medium,none,masters,1
64.2660976759185,69.49763382277969,24.656212536677813,medium,none,high_school,1
81.57312405919652,69.12362776434267,22.08353810666845,high,low,phd,0
81.28559134004209,61.163847232522464,15.689265150458095,medium,none,bachelors,0
70.92488305282178,99.23063534204162,11.931562527390335,low,none,phd,1
77.22183312409125,70.1651929618299,4.298994466619368,high,medium,bachelors,0
73.89424154534171,93.25737781238244,22.797200378397548,medium,none,masters,1
100.0,97.81974077883677,7.481577829103559,medium,medium,bachelors,1
94.35678393147461,89.9746634722194,20.762753595530466,low,none,high_school,1
97.71555094994159,68.52569530922928,17.892414271342005,low,none,high_school,0
92.21672064043236,81.05595135504915,25.433142203505565,high,high,masters,1
73.70948228782771,74.63706590413626,17.583636004081086,medium,high,bachelors,1
79.75479733720226,61.44447208904808,17.364417709223268,low,medium,masters,1
89.89374561227918,79.86538922582405,25.854965634306364,high,none,high_school,1
72.77872191108054,57.31440313260296,22.68046423267294,medium,low,phd,1
92.12998430172388,92.81519082692346,22.529247657462225,medium,high,masters,1
82.59674601841866,68.0307405405241,23.75414071846821,high,low,phd,1
81.25179192450402,78.01739483809259,7.715423014343154,high,high,phd,0
92.10959968203491,79.24931807319213,26.054309439895857,low,high,bachelors,0
89.4426331148604,71.11642539443883,24.899750352108818,medium,none,masters,1
81.3903383418092,83.80040702212912,11.866534971388022,medium,high,phd,1
96.59329803364248,67.87644515066214,18.047356210606388,medium,low,phd,0
74.18936672400102,88.06945946185866,19.685541698978952,high,high,bachelors,1
91.15935606944264,54.81030479629877,18.924025724786137,low,medium,bachelors,0
90.93101257968384,76.89569369319618,22.67087973254828,medium,none,high_school,0
81.9045356068601,100.0,31.450934254649468,high,none,phd,1
88.26133022242118,59.995030130916376,28.65413382138263,medium,medium,high_school,1
72.48886423614697,64.83382544212722,9.50224645254875,low,medium,phd,1
94.240270192069,82.70861774488372,24.976559922448388,medium,medium,high_school,1
83.15097863557011,77.69372672909397,30.63146655628328,low,high,bachelors,1
79.7727697948096,80.25945148910338,23.09446816551362,low,none,masters,1
95.49009225836889,82.33780695221495,28.727843401487736,medium,medium,bachelors,1
77.9565630945724,84.52082202842655,36.09816356560612,medium,high,high_school,1
70.91538703636441,91.64549762934334,28.18967636885585,low,medium,high_school,1
69.43370826476097,81.14727985392769,21.99446876513383,high,low,masters,1
91.0600995134564,71.38113518072187,28.360707792678028,low,low,phd,0
72.19570647503717,85.08860551804096,21.15910266477513,medium,none,high_school,1
100.0,100.0,20.191224346279643,medium,high,high_school,0
64.18070592116278,73.0104938042614,17.18868611429014,high,low,high_school,1
100.0,60.38206042994038,32.50730687065686,low,low,masters,1
87.11017467202619,91.60621003930459,13.452570672463988,low,high,bachelors,0
84.03286888129608,73.19428254069602,32.258941797424924,low,medium,high_school,1
79.5508091319105,42.409956809789456,23.99891298992297,medium,high,masters,1
88.9913611435207,87.71132515725633,8.805550601584468,low,medium,high_school,1
84.62365297575151,66.97007721069116,22.94119434393137,high,low,phd,1
96.03301882016521,73.64200076543759,3.199787938787008,medium,low,masters,1
86.1422764866204,79.97970495853522,25.004064134648285,medium,low,high_school,1
86.50301761461877,77.857495196686,27.08185186391193,low,none,masters,1
81.36387787786144,85.6417772570856,15.261152354783572,high,none,high_school,1
84.43054376278933,68.46770444145236,20.98838156764466,medium,none,bachelors,1
88.0780176889206,82.69658697264124,35.63325947000229,medium,high,high_school,1
67.89831607343375,71.10679983624124,15.954026365904507,low,low,masters,1
71.51814577894287,86.08215721331254,11.528739303547196,low,low,phd,1
92.43264094022715,84.23051226019581,31.85330721970079,high,high,phd,0
86.70865438127942,60.96841946933107,35.70069752424636,low,none,phd,1
83.1601666364732,91.28973174262549,20.029565374782777,high,high,high_school,1
85.18433933065393,66.96054832328927,28.09170428326685,medium,none,bachelors,1
88.47581705361671,87.12086697421718,30.73180732424705,high,low,high_school,0
79.60240319690638,80.50930970102011,14.060126139692928,high,medium,phd,1
77.21695274597687,100.0,16.11755331705705,high,none,masters,0
86.95845255097682,71.64801026442221,29.846996105237878,medium,low,phd,1
75.21627222384969,69.76024805822703,33.480114229668075,low,low,masters,1
89.08252755714472,74.708705911684,24.503046881394837,medium,medium,bachelors,0
67.9741639576216,70.45230325748587,12.961485171983565,low,low,masters,1
95.29155637325644,86.99912852913076,35.89648889359553,high,low,high_school,1
89.72597482413043,50.75534087345118,15.752232817504284,high,none,high_school,0
87.56029734313876,59.194763712804686,17.318897750628388,high,none,high_school,0
94.82690983945514,58.9829561763121,22.738702675916972,high,medium,masters,1
100.0,89.25461387960364,32.4332833657182,high,medium,high_school,1
95.1437006501813,100.0,26.83180781241779,low,low,high_school,1
66.59125768668355,73.43326172193792,23.318924002895283,low,none,high_school,0
72.20423033264298,72.46767415214984,23.70630824094485,high,medium,bachelors,0
78.75181422304321,76.05078244669772,20.348117349147728,medium,medium,masters,1
85.26091050210833,92.42817453912286,24.46511611614805,medium,high,masters,1
90.17659020469122,61.089702987141386,0.0,high,medium,phd,0
77.74256186846534,78.57553474102178,17.627140327441612,low,low,masters,1
86.86766764477078,89.62796444673644,21.930575479334248,medium,none,bachelors,1
77.44617067646678,82.51641254909768,10.791887331043943,medium,medium,masters,1
78.88482197008052,77.84372424898115,23.09058654249248,medium,high,bachelors,1
70.93338903151778,90.01569138850712,18.364230232111026,high,none,bachelors,1
75.76766753889096,34.451515605011444,34.043805586523916,medium,medium,masters,0
71.48315394383667,85.16812979296361,32.58415780171885,medium,high,phd,1
75.24126747022667,65.18886475308864,16.273555447054697,medium,medium,high_school,1
95.5364179660784,47.54050654715314,18.793298307466436,medium,none,high_school,0
75.50601111168056,82.66803899287471,19.40841947513286,low,none,masters,1
100.0,95.60487817744436,16.38672419072302,high,none,masters,1
89.93317900880889,72.93827228058463,21.560199872225013,high,low,bachelors,1
86.84836123694873,89.29311820804408,13.933743448899278,low,medium,masters,0
76.41642219818786,99.18417386982968,10.95507732049979,low,low,bachelors,1
92.00309879408991,94.72371680376071,24.98168979120215,high,none,phd,1
79.24362173762226,99.59946794057089,25.036236673774486,medium,high,masters,1
86.22009814645361,86.13191236607838,13.565473922720061,medium,medium,high_school,1
100.0,76.13150458352389,27.162843446100798,high,low,high_school,1
84.03940100275351,50.97051282154247,14.94737816667735,medium,medium,masters,1
96.49273326285676,71.30906267805076,22.02532190430385,low,high,bachelors,1
77.96823574874112,62.35130107025712,26.562752100899647,medium,low,high_school,0
84.65011509503039,100.0,19.731099482370297,medium,none,bachelors,1
100.0,72.36171281351496,23.637927297129075,medium,low,masters,1
78.73032942212232,76.84807210176729,15.868562848899426,high,medium,masters,1
100.0,83.27228064060701,18.428267332575224,low,medium,high_school,1
92.07751935455475,75.65403669558681,18.353124552957276,medium,medium,masters,1
79.37533224105732,100.0,14.027373227678089,high,medium,phd,1
91.3240773905552,65.66025957398323,18.585806695073742,medium,none,phd,1
94.7255444962673,77.91911182855864,7.6110536090900265,low,low,high_school,0
91.21809962217196,63.86294121452927,16.07077002286316,medium,none,phd,1
69.29775280109544,55.19966233168941,17.720996053042633,low,none,bachelors,1
77.72862824175131,65.82346363642071,17.95056198003696,medium,none,high_school,1
82.52481364448495,74.44444804427383,18.06802043303377,low,medium,high_school,1
84.25566570899954,68.5604666322411,19.505886401118968,medium,medium,bachelors,1
91.20672097550678,64.61368530189216,23.83553214468851,low,medium,phd,1
86.77701000933254,53.90523804492249,26.99613659306018,medium,low,phd,1
71.64655641289899,73.75341641056959,14.801878185213862,medium,high,phd,0
88.80197851005963,52.42919438953497,10.374393156886844,high,medium,high_school,1
91.10585745283824,86.40083945534404,11.663644702055176,high,low,high_school,1
90.5979044793104,76.23659629401755,16.10237663044058,low,medium,phd,1
95.80780725554622,53.13672750802604,17.184629457467928,medium,medium,masters,1
93.33922154548904,70.36186384425204,13.840031470420342,low,none,phd,1
89.59180079228437,63.71765391614125,9.631066686000844,high,none,bachelors,0
84.29834288541353,79.78761765628771,16.351033380206495,low,none,high_school,0
68.39039066484008,95.10675669034717,21.45141296091177,low,low,bachelors,0
89.29618219132585,46.872412955313834,24.760235726684517,high,high,bachelors,0
87.07687687163111,76.72539118721126,15.54061557513343,medium,high,high_school,1
87.71578837195374,72.5980080665004,16.696017422852528,low,low,masters,1
72.2325142417969,85.07010114675698,12.586413529221513,high,medium,phd,1
74.18943459591738,78.19794942356533,19.74848663700179,medium,low,bachelors,1
95.53152853332904,63.72046002391771,13.212570926473482,high,medium,high_school,0
84.60444846143345,70.21419096500072,24.5850225059296,low,low,bachelors,1
91.81500697372624,63.05961214794766,5.713068064527111,medium,low,phd,0
85.28318376130461,91.14010707897897,17.1229626203803,medium,low,masters,1
85.29756139495746,75.31967473007913,22.408858713533938,high,high,masters,0
94.38283805975998,100.0,21.470676130580035,high,none,masters,0
79.83955271782627,74.0900877927807,41.544269311843976,high,low,high_school,1
85.96120776940984,64.37389849634306,22.79840019654326,medium,high,high_school,1
80.37724711294958,52.294284110807595,11.967563225263918,medium,none,masters,1
80.65503772567685,47.95290485616083,19.236286023287416,low,none,phd,0
81.90827876531361,51.23796085491765,5.790029332268386,medium,low,phd,0
87.22133771633713,79.00689976517225,19.355202005625912,low,medium,high_school,0
80.21251378336522,82.63087534844901,13.33555154399393,high,medium,masters,1
97.55756125573521,51.282139469518,27.323122204481294,high,medium,phd,1
76.05392697780496,88.42557471114173,15.60367780323572,medium,low,phd,0
83.13128355838641,67.75408422474841,19.065872673638026,high,medium,phd,1
80.60268941725825,77.20189517978324,14.915537268764773,high,high,high_school,0
99.46977884353733,99.18330942383136,33.91081081482665,medium,high,masters,1
86.96554776511574,88.45258973798298,17.430057871056707,low,high,bachelors,1
95.31844539468635,70.97204028141252,34.660456347833616,medium,high,masters,1
70.14439626963028,61.63211661877069,26.513214096946133,low,none,masters,1
87.67050265869258,42.72276898006042,23.85653381868309,medium,high,high_school,1
93.89630795623437,64.2127002113637,22.949865178540158,medium,medium,phd,1
85.82283989275425,71.83304641758458,23.15037838573001,high,low,phd,1
95.65480375065351,60.19230709273224,4.57861936523512,medium,medium,high_school,1
79.82711549899628,73.03114549361543,17.76893284679395,medium,high,high_school,1
99.0934744018558,76.15277824438152,26.761263769474574,low,none,high_school,0
100.0,71.62716027287883,19.608822532207157,high,high,high_school,0
81.37161439560342,65.2499612876481,8.7584812255714,low,low,high_school,0
80.54497478599228,77.52982007950092,19.580764395380243,low,medium,bachelors,0
99.533844771177,81.62910974354114,33.63284413004393,high,low,masters,1
100.0,58.64401383835731,29.975133724277754,high,low,masters,1
79.77139972846732,96.16398569619405,19.503967925071745,high,low,masters,1
80.79813182904142,73.52117801573607,27.61159421646469,medium,medium,phd,1
82.18215391139493,75.28274434417271,17.067943837055587,high,high,bachelors,1
71.55549488965723,85.62321634884836,6.369027305386249,high,low,masters,1
75.81348053515802,78.49824196895253,12.604272094963566,high,medium,phd,0
74.95859233247933,89.29704950869868,32.50311014806558,low,none,bachelors,1
77.32202434895872,79.30686247802737,17.808055345365567,low,medium,bachelors,1
84.65315112613219,65.81343938039343,18.052928164999855,medium,none,phd,1
87.3421473253652,80.42255287809152,17.601294429800955,low,medium,bachelors,1
100.0,57.844106890190076,35.23309271658405,medium,high,phd,1
75.0164595926121,76.62839558664784,33.007671322896506,low,low,masters,1
94.84322398476584,74.5015501403331,37.750241867585075,high,high,phd,1
82.86011155774491,71.87824714091191,18.727638316799588,low,medium,bachelors,1
84.50536290347567,73.07193732841604,22.36499590997676,medium,low,masters,0
91.74819492166604,46.77226431753542,7.866859604633671,low,none,masters,0
73.77277978437701,66.76912638388558,31.815475408946195,high,medium,high_school,1
88.82409746184051,76.39267351711672,10.65776358985652,medium,low,high_school,0
86.66452208213056,77.39784587996101,21.734204510101033,high,none,bachelors,1
89.92451264008149,59.58487288611063,11.221579778937247,high,none,phd,1
87.89168643907819,93.98561761297051,15.289065386090432,medium,high,phd,1
100.0,62.007377276782485,13.301900551602397,high,medium,bachelors,1
78.62260015748684,89.54185800790106,15.136997914593458,high,none,masters,1
79.69003044998182,81.40791542807527,15.687018374808172,low,low,bachelors,1
78.76859473575236,65.30659035234295,15.613849640599383,high,none,bachelors,0
79.44522880839746,100.0,26.666671294242455,high,none,masters,1
78.62612872693482,57.095447523652794,11.16109765549984,high,high,phd,1
96.89016531107552,88.78731260415002,21.764331416110934,high,high,bachelors,1
99.20504247989855,90.00873477064468,29.743673218444467,medium,low,phd,1
79.29253706250523,64.94069686385032,15.894429083892831,low,high,bachelors,1
76.67644426895771,95.88697950096493,14.256648874019184,high,none,masters,1
89.71415556386404,71.2493022810157,18.155802998557995,high,none,masters,1
79.47776955719029,79.33040443919785,29.437801666885683,medium,high,high_school,1
91.32931817755511,78.90482758156831,21.552861047626863,high,none,masters,0
87.029230208513,72.98536887794178,15.750285643139211,medium,none,high_school,1
69.84255885002769,87.16212409739673,23.87101320950432,low,low,bachelors,0
100.0,86.9023308082832,11.181662801308613,low,high,phd,1
100.0,48.772020401427284,25.450876083543584,high,none,masters,1
78.87211309515614,94.56510364317229,23.26885846161414,high,high,masters,1
81.12298440064016,50.062620179464886,17.537532230888928,high,low,masters,1
87.85865390724905,90.48819306512486,13.291313612422151,medium,high,bachelors,1
88.34456789987026,91.90057705241375,12.906552621732342,high,none,high_school,1
91.5854427267283,58.63550354677203,24.27853869076728,high,high,bachelors,0
100.0,68.83778568068122,29.831844019912495,low,none,phd,0
83.2305277250595,58.41442997271096,14.901538023769643,high,none,bachelors,0
77.01702755461547,71.77618454566897,23.667093628411873,low,none,phd,1
71.20680771985472,70.37948573721388,3.30378385118345,high,low,masters,0
77.69069960058081,86.6949079840401,15.323058154742403,low,high,phd,1
84.66873027126204,94.65463119179412,19.751528537032783,high,low,phd,0
100.0,95.93525716184934,12.72253266414533,low,high,high_school,0
79.82388700963828,66.56747960132547,12.507949001683233,medium,low,phd,0
87.23787951638899,71.86167189383208,14.65776354824891,low,medium,phd,1
84.83577103927247,49.74842711668575,22.337541826610984,low,none,bachelors,0
96.88393273448084,62.911949002557165,18.501367852749002,low,none,masters,1
100.0,89.47277449646187,2.0941501334002233,high,low,bachelors,0
79.6913122707968,99.23374235322348,3.0343987789194706,high,medium,bachelors,1
80.10560557481777,56.48476692180117,15.145078577142597,high,none,masters,1
95.44160877069072,66.11303611270658,23.661492688428417,medium,high,masters,1
91.81891489626311,74.60391364561609,0.0,medium,low,phd,0
100.0,79.2024173822941,16.002158590786955,low,none,phd,1
90.83928185325964,62.85594720117531,15.790017147860631,medium,none,high_school,1
81.40707909212941,81.36091566696135,31.106702225667583,low,low,bachelors,0
90.9065483069231,67.89240979393625,16.91982550629709,low,low,masters,0
96.08703580582907,74.78321593682581,23.063911877927428,low,high,phd,1
93.20482181197364,83.19426372005549,21.130057120699707,medium,high,masters,1
90.07274031107298,75.09633404716406,2.9554681615423952,high,none,phd,0
95.66674689589154,68.45421164210147,26.1456577330539,medium,none,high_school,0
96.69295590445672,73.35585294111253,21.723172043650305,low,low,high_school,1
98.82158991037527,73.67455561191997,24.066149117396716,low,none,masters,1
91.48709887589642,69.44983455176808,51.409901651490614,medium,none,high_school,1
83.32881919683146,71.11805905999347,3.3270964840112924,low,low,masters,0
86.46713686433323,98.97970755757075,33.79757319808887,low,none,phd,1
97.06508966508358,83.41379171911858,17.700419844797157,medium,none,bachelors,1
76.83064329012764,70.56779522956259,22.298631235224075,medium,medium,high_school,1
88.68673308872901,85.45431606766104,19.635902037590064,medium,high,phd,0
81.0666118767264,69.99270765365985,16.606109332815652,low,low,bachelors,1
85.28744822934817,92.59686956379961,15.44133657408993,low,medium,bachelors,1
97.78451862607298,80.54463288297141,22.636069884584074,high,high,bachelors,1
86.91099068019903,73.39046783993656,7.862610426626567,high,high,phd,1
85.46436548156149,81.71575388715416,26.004633340174124,medium,high,phd,1
71.40143859020081,51.43685771897251,16.670444760917967,high,medium,masters,0
92.46253566027221,58.09848796635292,10.959445287677138,low,medium,bachelors,1
91.45484181141076,57.091124904014166,16.39989713603349,high,high,bachelors,0
100.0,77.1441464214556,30.057193734900583,low,none,bachelors,1
81.92221765046999,100.0,15.717319303870216,medium,none,masters,1
87.1915032766394,100.0,22.867628945676962,medium,medium,bachelors,1
87.49383683710755,84.57076652161136,14.152349794276214,low,medium,phd,0
100.0,82.51266712416685,26.063374799388956,high,medium,bachelors,1
84.04704467613048,47.984133987708915,25.484061910321632,medium,high,high_school,0
87.7902152577034,66.85989300398967,34.788870666371295,medium,none,phd,0
91.0789650971654,63.183243721376414,18.595488436006278,high,medium,masters,1
86.86609123156359,65.68728602623327,25.349238438063253,high,medium,bachelors,0
80.53566385449471,72.47784272122816,20.784540316311556,low,low,high_school,1
86.94089992898307,67.91864133454308,30.366974254904115,high,high,masters,0
95.73631749859771,45.310502844363185,14.249340899130157,high,low,masters,1
74.73484700588939,86.218653841763,25.96004250301825,high,none,phd,1
86.32969674146877,58.9088546139029,18.442421631066548,low,low,masters,0
77.99879185060827,78.58870296166724,19.486494583132018,low,low,masters,1
96.95046628924842,100.0,20.734019875586984,medium,low,masters,1
69.76813095216225,61.20923112620365,22.01792317141342,low,high,masters,1
79.41078152728412,37.04568715880505,19.070167655024335,medium,none,bachelors,0
88.7721187506452,70.70993667179833,21.71770546536421,high,low,bachelors,0
100.0,91.51439452497857,32.624944460497474,medium,high,bachelors,1
84.34249738927012,100.0,27.883597484921747,medium,none,bachelors,0
79.44800473306802,56.55675608321375,26.95323673997517,high,medium,high_school,1
100.0,82.45048834854782,16.355683791809035,medium,low,bachelors,1
70.51986099583756,68.0203431482992,12.886073374173407,low,none,masters,0
63.01194043379918,73.41077468543797,27.642404465902022,low,low,bachelors,1
89.40014450053333,100.0,27.008374340238355,low,medium,bachelors,0
79.97945775647389,52.4554450740727,31.781365406007858,low,none,phd,0
74.78767182869287,78.8060949224186,15.168154992246164,medium,high,masters,1
92.08356447299353,82.01539757648149,18.163610757117223,medium,none,bachelors,1
87.43800713771199,91.2867948740902,6.884126699796527,high,high,bachelors,1
79.35921369263272,76.46974730206342,16.860231151513016,medium,none,bachelors,1
72.19695601329106,79.62075809256153,27.97256408463558,medium,high,high_school,0
93.72457328280144,69.12527148867314,16.268036966174417,medium,medium,bachelors,1
91.50201177958661,79.0369041186766,25.12383836160659,high,medium,phd,1
84.00824136220618,69.85211586753884,18.475975152017508,low,medium,masters,1
100.0,84.32357834784077,22.592456225772484,medium,none,masters,1
74.29915233673847,69.45584495934548,10.818468881474661,high,medium,bachelors,1
69.74474829075261,80.6565059085328,20.68167559707121,high,low,bachelors,0
78.08091930118755,74.56105779472533,0.0,high,medium,bachelors,0
84.54413983644503,91.89075376158252,18.50483073470412,low,high,masters,0
87.43339449322691,74.22909414617271,6.956214050278879,medium,high,masters,0
82.5876394214367,48.40451297689678,29.647956132374528,high,high,high_school,1
88.52055396514297,93.92882251070988,26.21925882211609,low,none,phd,0
72.48460575809555,61.414015487060716,23.73336785572865,high,low,high_school,1
99.4376460407326,65.1935049202677,32.16804981727504,high,medium,phd,1
84.17848821607431,66.06508058934762,12.408667833401303,high,low,high_school,1
96.17295831588127,95.61657139756227,33.97890558332446,high,low,masters,1
88.42725346377703,42.96488679031957,27.457532514083077,high,high,high_school,0
89.56753219153784,100.0,18.10755770224843,low,high,phd,1
90.69767280232205,90.84085213599077,29.084961177463555,medium,high,bachelors,1
89.47708560017315,78.3485837119374,11.149651900706926,medium,none,phd,1
91.42722759867544,74.1765899907557,13.40388670777861,medium,low,bachelors,1
98.29152530132431,79.28331112286486,15.131282214082397,medium,low,masters,0
86.9652116970147,82.81683642569007,15.768178335487878,low,none,phd,1
92.09003757588512,84.67823378925085,11.547538857917978,low,none,high_school,1
84.10264305712774,83.33406699005172,29.784664536762598,low,none,phd,1
99.40117215449473,76.34371021882873,17.929164797041345,high,low,bachelors,1
78.2360769794073,72.03992369539012,22.820039746855038,high,low,masters,1
100.0,72.73090074519732,15.437189068690556,high,high,high_school,1
84.59842049355656,72.07637579470979,5.435173595611863,medium,high,phd,0
70.69224897881952,92.00655145300597,22.160458867131375,high,low,bachelors,0
86.2810441491079,83.90335083421293,4.701960196641785,medium,high,high_school,0
78.1894834252512,30.894170480035797,19.45092763131625,high,none,masters,0
93.40643548988724,84.83851164794642,9.053479689337516,medium,medium,high_school,1
78.4737602069761,77.92104292078162,35.89820799384646,high,high,masters,1
80.5381656678522,74.71936865331153,27.290901777397774,high,low,high_school,1
66.10459269054469,69.17222320366672,20.846030330171843,low,high,phd,1
80.47693680750923,91.86169079979021,30.109653421237347,high,high,bachelors,0
60.76120673371044,89.21289693184286,13.229472180274113,high,high,phd,1
69.16097176514276,63.40683498264586,24.347835029360745,low,medium,phd,1
92.60414656144297,81.10578430686803,21.59848346974971,medium,none,masters,1
92.85800158650832,60.42514898188071,22.11216065066936,low,low,masters,1
89.25457561784965,54.305727528166045,30.178828000854143,low,medium,masters,1
75.33023856870787,65.59924163115052,25.859936822238417,medium,low,phd,1
84.5228864385802,87.93590208574138,22.309789302600187,high,low,high_school,1
84.96397460909432,89.2968756806413,6.760900510173631,medium,low,high_school,1
73.41635310807457,82.6962813014594,12.31962963776429,high,medium,phd,1
100.0,85.87643680271995,19.018328531234207,high,none,phd,1
93.77362290575671,82.74267430672438,20.746978994213208,medium,low,bachelors,1
82.79035826170336,65.37777607165572,10.95837020260861,low,none,masters,1
85.26885838994531,81.47883817010911,39.29341340462737,medium,none,masters,1
87.08382807947552,87.00614287841523,32.13115244202858,high,high,phd,0
64.58265131575709,86.31436994720362,24.81694656313987,medium,medium,phd,1
82.52822617479403,92.83370057211964,20.576294890269956,medium,medium,high_school,0
78.18015752002202,85.62455770801596,18.302328240790786,high,high,phd,0
74.98379990105084,80.27172311312374,12.384652319822116,low,high,high_school,1
82.18899707114045,91.05225357474642,20.6198441481509,medium,none,phd,1
100.0,74.6021811112641,22.062020321142004,high,low,bachelors,0
91.4084286126701,61.771880231584234,10.065915396147005,high,medium,bachelors,1
79.28821010217203,72.55399554084354,22.67341133795918,medium,low,high_school,1
90.72582781356158,63.82646032790326,18.75792760940201,low,low,masters,0
